datetime,open,high,low,close,volume
2026-02-02T14:30:00+00:00,336.1500000000004,339.2100000000004,333.37000000000035,338.9600000000004,10318
2026-02-02T15:00:00+00:00,338.9600000000004,342.4600000000004,338.3900000000003,339.72000000000037,9604
2026-02-02T15:30:00+00:00,339.72000000000037,340.76000000000033,338.87000000000035,339.20000000000033,8157
2026-02-02T16:00:00+00:00,339.20000000000033,339.5200000000003,337.78000000000037,339.42000000000036,6846
2026-02-02T16:30:00+00:00,339.42000000000036,340.13000000000034,338.7700000000003,340.04000000000036,5763
2026-02-02T17:00:00+00:00,340.04000000000036,340.54000000000036,339.3900000000003,340.45000000000033,4130
2026-02-02T17:30:00+00:00,340.45000000000033,341.35000000000036,340.2100000000004,341.10000000000036,3711
2026-02-02T18:00:00+00:00,341.10000000000036,341.42000000000036,340.2700000000003,341.00000000000034,3931
2026-02-02T18:30:00+00:00,341.00000000000034,341.61000000000035,340.70000000000033,341.48000000000036,3546
2026-02-02T19:00:00+00:00,341.48000000000036,342.25000000000034,341.0900000000004,341.44000000000034,3489
2026-02-02T19:30:00+00:00,341.44000000000034,342.31000000000034,341.07000000000033,342.10000000000036,4056
2026-02-02T20:00:00+00:00,342.10000000000036,342.53000000000037,341.2700000000003,341.87000000000035,5313
2026-02-02T20:30:00+00:00,341.87000000000035,342.38000000000034,341.37000000000035,342.3300000000003,6178
2026-02-03T14:30:00+00:00,342.3300000000003,347.45000000000033,340.94000000000034,342.38000000000034,12091
2026-02-03T15:00:00+00:00,342.38000000000034,342.57000000000033,339.42000000000036,341.93000000000035,13051
2026-02-03T15:30:00+00:00,341.93000000000035,344.04000000000036,340.05000000000035,343.72000000000037,13220
2026-02-03T16:00:00+00:00,343.72000000000037,343.72000000000037,341.12000000000035,341.54000000000036,10815
2026-02-03T16:30:00+00:00,341.54000000000036,342.36000000000035,340.68000000000035,341.28000000000037,9237
2026-02-03T17:00:00+00:00,341.28000000000037,341.56000000000034,339.67000000000036,339.7100000000004,10225
2026-02-03T17:30:00+00:00,339.7100000000004,339.99000000000035,337.95000000000033,339.32000000000033,6914
2026-02-03T18:00:00+00:00,339.32000000000033,339.3900000000003,337.67000000000036,338.55000000000035,6958
2026-02-03T18:30:00+00:00,338.55000000000035,338.55000000000035,336.2700000000003,336.3400000000004,7205
2026-02-03T19:00:00+00:00,336.3400000000004,338.19000000000034,335.92000000000036,336.99000000000035,8430
2026-02-03T19:30:00+00:00,336.99000000000035,337.81000000000034,336.37000000000035,337.50000000000034,7764
2026-02-03T20:00:00+00:00,337.50000000000034,337.81000000000034,336.45000000000033,337.7700000000003,4777
2026-02-03T20:30:00+00:00,337.7700000000003,338.86000000000035,337.4000000000004,338.0800000000003,5825
2026-02-04T14:30:00+00:00,338.0800000000003,341.56000000000034,334.47000000000037,334.81000000000034,14899
2026-02-04T15:00:00+00:00,334.81000000000034,336.0200000000003,333.24000000000035,334.28000000000037,15477
2026-02-04T15:30:00+00:00,334.28000000000037,334.28000000000037,331.3300000000003,331.98000000000036,14694
2026-02-04T16:00:00+00:00,331.98000000000036,332.47000000000037,330.73000000000036,332.03000000000037,12355
2026-02-04T16:30:00+00:00,332.03000000000037,332.06000000000034,328.45000000000033,330.8900000000003,9905
2026-02-04T17:00:00+00:00,330.8900000000003,331.81000000000034,329.29000000000036,329.38000000000034,11433
2026-02-04T17:30:00+00:00,329.38000000000034,330.04000000000036,326.72000000000037,329.51000000000033,11144
2026-02-04T18:00:00+00:00,329.51000000000033,331.3900000000003,328.42000000000036,331.38000000000034,11175
2026-02-04T18:30:00+00:00,331.38000000000034,331.56000000000034,329.3900000000003,330.0200000000003,10206
2026-02-04T19:00:00+00:00,330.0200000000003,330.48000000000036,327.75000000000034,329.74000000000035,9727
2026-02-04T19:30:00+00:00,329.74000000000035,332.50000000000034,329.66000000000037,331.44000000000034,8650
2026-02-04T20:00:00+00:00,331.44000000000034,332.0200000000003,330.19000000000034,331.66000000000037,7007
2026-02-04T20:30:00+00:00,331.66000000000037,331.92000000000036,330.19000000000034,330.93000000000035,7103
2026-02-05T14:30:00+00:00,330.93000000000035,330.93000000000035,304.29000000000036,319.41000000000037,17823
2026-02-05T15:00:00+00:00,319.41000000000037,320.18000000000035,314.53000000000037,314.66000000000037,13714
2026-02-05T15:30:00+00:00,314.66000000000037,317.68000000000035,314.47000000000037,315.3300000000003,13946
2026-02-05T16:00:00+00:00,315.3300000000003,321.41000000000037,315.20000000000033,321.35000000000036,13591
2026-02-05T16:30:00+00:00,321.35000000000036,322.3900000000003,319.60000000000036,320.42000000000036,12768
2026-02-05T17:00:00+00:00,320.42000000000036,321.3300000000003,319.2100000000004,320.99000000000035,11942
2026-02-05T17:30:00+00:00,320.99000000000035,323.53000000000037,319.69000000000034,321.73000000000036,10029
2026-02-05T18:00:00+00:00,321.73000000000036,323.75000000000034,321.51000000000033,323.1400000000003,10139
2026-02-05T18:30:00+00:00,323.1400000000003,323.81000000000034,322.44000000000034,323.6500000000004,9934
2026-02-05T19:00:00+00:00,323.6500000000004,328.81000000000034,323.42000000000036,327.5900000000004,11039
2026-02-05T19:30:00+00:00,327.5900000000004,328.31000000000034,325.47000000000037,326.69000000000034,10778
2026-02-05T20:00:00+00:00,326.69000000000034,329.79000000000036,326.37000000000035,327.69000000000034,7916
2026-02-05T20:30:00+00:00,327.69000000000034,329.98000000000036,327.16000000000037,328.7100000000004,9899
2026-02-06T14:30:00+00:00,328.7100000000004,328.7100000000004,320.3900000000003,320.4000000000004,14031
2026-02-06T15:00:00+00:00,320.4000000000004,321.13000000000034,317.49000000000035,320.56000000000034,19296
2026-02-06T15:30:00+00:00,320.56000000000034,321.8900000000003,318.2700000000003,319.0200000000003,15953
2026-02-06T16:00:00+00:00,319.0200000000003,320.99000000000035,318.78000000000037,319.29000000000036,11346
2026-02-06T16:30:00+00:00,319.29000000000036,320.62000000000035,318.91000000000037,319.45000000000033,10065
2026-02-06T17:00:00+00:00,319.45000000000033,320.75000000000034,318.88000000000034,320.0900000000004,9394
2026-02-06T17:30:00+00:00,320.0900000000004,322.85000000000036,319.82000000000033,322.04000000000036,8209
2026-02-06T18:00:00+00:00,322.04000000000036,323.30000000000035,322.0200000000003,322.5800000000003,8194
2026-02-06T18:30:00+00:00,322.5800000000003,323.30000000000035,322.24000000000035,322.50000000000034,6319
2026-02-06T19:00:00+00:00,322.50000000000034,322.95000000000033,321.43000000000035,322.06000000000034,5983
2026-02-06T19:30:00+00:00,322.06000000000034,322.18000000000035,319.2700000000003,319.2700000000003,5384
2026-02-06T20:00:00+00:00,319.2700000000003,320.69000000000034,319.13000000000034,320.25000000000034,4656
2026-02-06T20:30:00+00:00,320.25000000000034,322.31000000000034,319.6500000000004,320.5200000000003,7696
2026-02-09T14:30:00+00:00,320.5200000000003,321.23000000000036,314.98000000000036,317.1400000000003,14032
2026-02-09T15:00:00+00:00,317.1400000000003,320.88000000000034,317.00000000000034,319.75000000000034,12568
2026-02-09T15:30:00+00:00,319.75000000000034,322.3300000000003,319.43000000000035,322.18000000000035,8747
2026-02-09T16:00:00+00:00,322.18000000000035,323.7100000000004,321.55000000000035,323.20000000000033,6915
2026-02-09T16:30:00+00:00,323.20000000000033,325.0800000000003,322.44000000000034,324.32000000000033,8132
2026-02-09T17:00:00+00:00,324.32000000000033,324.9000000000004,323.2700000000003,323.47000000000037,7504
2026-02-09T17:30:00+00:00,323.47000000000037,324.25000000000034,322.5200000000003,322.68000000000035,5510
2026-02-09T18:00:00+00:00,322.68000000000035,323.12000000000035,322.03000000000037,322.30000000000035,6298
2026-02-09T18:30:00+00:00,322.30000000000035,322.5800000000003,321.9000000000004,321.93000000000035,4549
2026-02-09T19:00:00+00:00,321.93000000000035,322.7100000000004,321.82000000000033,322.66000000000037,2984
2026-02-09T19:30:00+00:00,322.66000000000037,322.86000000000035,322.0800000000003,322.1500000000004,1728
2026-02-09T20:00:00+00:00,322.1500000000004,322.41000000000037,320.8400000000004,320.8400000000004,2590
2026-02-09T20:30:00+00:00,320.8400000000004,322.03000000000037,320.70000000000033,321.76000000000033,5490
2026-02-10T14:30:00+00:00,321.76000000000033,321.76000000000033,312.00000000000034,314.63000000000034,12027
2026-02-10T15:00:00+00:00,314.63000000000034,317.42000000000036,314.53000000000037,316.5800000000003,8907
2026-02-10T15:30:00+00:00,316.5800000000003,317.5800000000003,314.17000000000036,314.79000000000036,7170
2026-02-10T16:00:00+00:00,314.79000000000036,316.26000000000033,314.70000000000033,315.43000000000035,9198
2026-02-10T16:30:00+00:00,315.43000000000035,316.53000000000037,314.97000000000037,315.80000000000035,7617
2026-02-10T17:00:00+00:00,315.80000000000035,317.05000000000035,315.5800000000003,316.53000000000037,5932
2026-02-10T17:30:00+00:00,316.53000000000037,316.99000000000035,315.9600000000004,315.99000000000035,4349
2026-02-10T18:00:00+00:00,315.99000000000035,316.8300000000003,315.62000000000035,316.74000000000035,6359
2026-02-10T18:30:00+00:00,316.74000000000035,316.81000000000034,315.8900000000003,316.49000000000035,6547
2026-02-10T19:00:00+00:00,316.49000000000035,316.66000000000037,315.97000000000037,316.47000000000037,4864
2026-02-10T19:30:00+00:00,316.47000000000037,317.18000000000035,316.42000000000036,317.07000000000033,4351
2026-02-10T20:00:00+00:00,317.07000000000033,317.66000000000037,316.7700000000003,317.45000000000033,2880
2026-02-10T20:30:00+00:00,317.45000000000033,317.74000000000035,315.76000000000033,316.01000000000033,5225
2026-02-11T14:30:00+00:00,316.01000000000033,318.38000000000034,313.06000000000034,313.4000000000004,11540
2026-02-11T15:00:00+00:00,313.4000000000004,314.50000000000034,309.11000000000035,309.2100000000004,11647
2026-02-11T15:30:00+00:00,309.2100000000004,311.23000000000036,309.12000000000035,310.11000000000035,10911
2026-02-11T16:00:00+00:00,310.11000000000035,310.99000000000035,308.29000000000036,308.54000000000036,9268
2026-02-11T16:30:00+00:00,308.54000000000036,309.94000000000034,308.28000000000037,308.9600000000004,6773
2026-02-11T17:00:00+00:00,308.9600000000004,310.24000000000035,308.57000000000033,310.20000000000033,4892
2026-02-11T17:30:00+00:00,310.20000000000033,310.4000000000004,308.67000000000036,308.94000000000034,5164
2026-02-11T18:00:00+00:00,308.94000000000034,309.70000000000033,308.07000000000033,309.66000000000037,4168
2026-02-11T18:30:00+00:00,309.66000000000037,310.24000000000035,309.18000000000035,309.68000000000035,5531
2026-02-11T19:00:00+00:00,309.68000000000035,310.18000000000035,308.3900000000003,310.0900000000004,5472
2026-02-11T19:30:00+00:00,310.0900000000004,310.3300000000003,308.5200000000003,308.67000000000036,5891
2026-02-11T20:00:00+00:00,308.67000000000036,309.20000000000033,307.8900000000003,308.05000000000035,3848
2026-02-11T20:30:00+00:00,308.05000000000035,308.95000000000033,307.50000000000034,308.44000000000034,6103
2026-02-12T14:30:00+00:00,308.44000000000034,310.01000000000033,307.75000000000034,308.93000000000035,10087
2026-02-12T15:00:00+00:00,308.93000000000035,310.97000000000037,308.24000000000035,310.74000000000035,10176
2026-02-12T15:30:00+00:00,310.74000000000035,311.13000000000034,307.56000000000034,308.17000000000036,10495
2026-02-12T16:00:00+00:00,308.17000000000036,308.85000000000036,307.1400000000003,308.4600000000004,11837
2026-02-12T16:30:00+00:00,308.4600000000004,313.8400000000004,308.38000000000034,311.49000000000035,13863
2026-02-12T17:00:00+00:00,311.49000000000035,312.2700000000003,310.4000000000004,311.76000000000033,9861
2026-02-12T17:30:00+00:00,311.76000000000033,312.61000000000035,310.05000000000035,310.31000000000034,7988
2026-02-12T18:00:00+00:00,310.31000000000034,312.17000000000036,309.67000000000036,310.32000000000033,10123
2026-02-12T18:30:00+00:00,310.32000000000033,311.22000000000037,309.3400000000004,309.35000000000036,9810
2026-02-12T19:00:00+00:00,309.35000000000036,309.49000000000035,307.68000000000035,307.7700000000003,7780
2026-02-12T19:30:00+00:00,307.7700000000003,308.69000000000034,307.49000000000035,307.88000000000034,7868
2026-02-12T20:00:00+00:00,307.88000000000034,308.05000000000035,305.63000000000034,305.67000000000036,4512
2026-02-12T20:30:00+00:00,305.67000000000036,306.9600000000004,305.50000000000034,306.70000000000033,6665
2026-02-13T14:30:00+00:00,306.70000000000033,306.70000000000033,301.2700000000003,303.88000000000034,13644
2026-02-13T15:00:00+00:00,303.88000000000034,305.12000000000035,303.05000000000035,304.8900000000003,12057
2026-02-13T15:30:00+00:00,304.8900000000003,305.3900000000003,302.5200000000003,303.72000000000037,12326
2026-02-13T16:00:00+00:00,303.72000000000037,304.66000000000037,302.22000000000037,303.31000000000034,8982
2026-02-13T16:30:00+00:00,303.31000000000034,304.5800000000003,302.87000000000035,304.16000000000037,8812
2026-02-13T17:00:00+00:00,304.16000000000037,304.91000000000037,303.87000000000035,304.57000000000033,6515
2026-02-13T17:30:00+00:00,304.57000000000033,304.9600000000004,303.79000000000036,304.0200000000003,6278
2026-02-13T18:00:00+00:00,304.0200000000003,305.60000000000036,303.72000000000037,305.31000000000034,6168
2026-02-13T18:30:00+00:00,305.31000000000034,305.51000000000033,304.5200000000003,305.10000000000036,7338
2026-02-13T19:00:00+00:00,305.10000000000036,305.55000000000035,304.54000000000036,305.2100000000004,4768
2026-02-13T19:30:00+00:00,305.2100000000004,305.49000000000035,304.30000000000035,304.3900000000003,5565
2026-02-13T20:00:00+00:00,304.3900000000003,304.72000000000037,302.22000000000037,302.24000000000035,6016
2026-02-13T20:30:00+00:00,302.24000000000035,303.68000000000035,302.24000000000035,303.2700000000003,7786
2026-02-17T14:30:00+00:00,303.2700000000003,303.2700000000003,295.03000000000037,295.3900000000003,13244
2026-02-17T15:00:00+00:00,295.3900000000003,297.36000000000035,295.10000000000036,295.63000000000034,14179
2026-02-17T15:30:00+00:00,295.63000000000034,297.61000000000035,294.25000000000034,297.4600000000004,12373
2026-02-17T16:00:00+00:00,297.4600000000004,300.81000000000034,297.3900000000003,298.9000000000004,11748
2026-02-17T16:30:00+00:00,298.9000000000004,299.74000000000035,298.32000000000033,299.57000000000033,11077
2026-02-17T17:00:00+00:00,299.57000000000033,299.9600000000004,298.37000000000035,299.50000000000034,10155
2026-02-17T17:30:00+00:00,299.50000000000034,299.54000000000036,297.53000000000037,298.61000000000035,10061
2026-02-17T18:00:00+00:00,298.61000000000035,300.23000000000036,298.05000000000035,299.93000000000035,10037
2026-02-17T18:30:00+00:00,299.93000000000035,300.8300000000003,299.5800000000003,300.41000000000037,8373
2026-02-17T19:00:00+00:00,300.41000000000037,300.94000000000034,300.19000000000034,300.3400000000004,7042
2026-02-17T19:30:00+00:00,300.3400000000004,301.36000000000035,300.20000000000033,300.28000000000037,5680
2026-02-17T20:00:00+00:00,300.28000000000037,300.45000000000033,299.3900000000003,299.50000000000034,4833
2026-02-17T20:30:00+00:00,299.50000000000034,300.51000000000033,299.1400000000003,300.3400000000004,6897
2026-02-18T14:30:00+00:00,300.3400000000004,302.7700000000003,299.37000000000035,301.29000000000036,9064
2026-02-18T15:00:00+00:00,301.29000000000036,302.11000000000035,300.30000000000035,300.61000000000035,9054
2026-02-18T15:30:00+00:00,300.61000000000035,302.0800000000003,299.92000000000036,301.75000000000034,8398
2026-02-18T16:00:00+00:00,301.75000000000034,302.0800000000003,301.17000000000036,301.7700000000003,6313
2026-02-18T16:30:00+00:00,301.7700000000003,302.5200000000003,301.32000000000033,301.3300000000003,5916
2026-02-18T17:00:00+00:00,301.3300000000003,302.5900000000004,301.3300000000003,301.76000000000033,5336
2026-02-18T17:30:00+00:00,301.76000000000033,302.8300000000003,301.5200000000003,302.63000000000034,4331
2026-02-18T18:00:00+00:00,302.63000000000034,303.2700000000003,301.8400000000004,301.95000000000033,4404
2026-02-18T18:30:00+00:00,301.95000000000033,302.3400000000004,300.91000000000037,301.60000000000036,5240
2026-02-18T19:00:00+00:00,301.60000000000036,302.0700000000004,300.92000000000036,300.97000000000037,5026
2026-02-18T19:30:00+00:00,300.97000000000037,301.2600000000004,299.6300000000004,299.8300000000004,7246
2026-02-18T20:00:00+00:00,299.8300000000004,300.5200000000004,299.36000000000035,299.67000000000036,5507
2026-02-18T20:30:00+00:00,299.67000000000036,302.05000000000035,299.5900000000004,301.3800000000004,6020
2026-02-19T14:30:00+00:00,301.3800000000004,301.3800000000004,298.2100000000004,300.87000000000035,11003
2026-02-19T15:00:00+00:00,300.87000000000035,302.24000000000035,300.3400000000004,300.8200000000004,9996
2026-02-19T15:30:00+00:00,300.8200000000004,301.3300000000004,300.0200000000004,301.31000000000034,7992
2026-02-19T16:00:00+00:00,301.31000000000034,303.60000000000036,300.12000000000035,302.80000000000035,7856
2026-02-19T16:30:00+00:00,302.80000000000035,303.37000000000035,300.80000000000035,301.49000000000035,8728
2026-02-19T17:00:00+00:00,301.49000000000035,302.6400000000004,300.98000000000036,301.98000000000036,7631
2026-02-19T17:30:00+00:00,301.98000000000036,303.03000000000037,301.6500000000004,301.7000000000004,6710
2026-02-19T18:00:00+00:00,301.7000000000004,302.9400000000004,301.60000000000036,302.24000000000035,6899
2026-02-19T18:30:00+00:00,302.24000000000035,302.67000000000036,301.60000000000036,302.6300000000004,4583
2026-02-19T19:00:00+00:00,302.6300000000004,302.85000000000036,301.9500000000004,302.2000000000004,4649
2026-02-19T19:30:00+00:00,302.2000000000004,302.5100000000004,300.8900000000004,301.3200000000004,5027
2026-02-19T20:00:00+00:00,301.3200000000004,301.78000000000037,300.5700000000004,300.91000000000037,4931
2026-02-19T20:30:00+00:00,300.91000000000037,301.43000000000035,300.41000000000037,301.16000000000037,6001
2026-02-20T14:30:00+00:00,301.16000000000037,308.3900000000003,301.16000000000037,307.25000000000034,10496
2026-02-20T15:00:00+00:00,307.25000000000034,309.51000000000033,305.22000000000037,308.32000000000033,14565
2026-02-20T15:30:00+00:00,308.32000000000033,313.31000000000034,308.25000000000034,312.74000000000035,14136
2026-02-20T16:00:00+00:00,312.74000000000035,313.26000000000033,311.42000000000036,312.23000000000036,11253
2026-02-20T16:30:00+00:00,312.23000000000036,314.37000000000035,312.13000000000034,313.76000000000033,9177
2026-02-20T17:00:00+00:00,313.76000000000033,313.94000000000034,310.62000000000035,311.79000000000036,10127
2026-02-20T17:30:00+00:00,311.79000000000036,313.69000000000034,311.62000000000035,313.1500000000004,10255
2026-02-20T18:00:00+00:00,313.1500000000004,313.32000000000033,311.42000000000036,312.16000000000037,9258
2026-02-20T18:30:00+00:00,312.16000000000037,313.42000000000036,311.62000000000035,312.5800000000004,10468
2026-02-20T19:00:00+00:00,312.5800000000004,312.91000000000037,312.35000000000036,312.43000000000035,6533
2026-02-20T19:30:00+00:00,312.43000000000035,313.32000000000033,312.42000000000036,313.07000000000033,5919
2026-02-20T20:00:00+00:00,313.07000000000033,314.10000000000036,312.5900000000004,312.85000000000036,5247
2026-02-20T20:30:00+00:00,312.85000000000036,313.4500000000004,311.97000000000037,312.24000000000035,8037
2026-02-23T14:30:00+00:00,312.24000000000035,316.8300000000004,312.24000000000035,312.93000000000035,11877
2026-02-23T15:00:00+00:00,312.93000000000035,314.32000000000033,312.68000000000035,313.42000000000036,12941
2026-02-23T15:30:00+00:00,313.42000000000036,313.5900000000004,310.4300000000003,310.5300000000003,10669.87552936844
2026-02-23T16:00:00+00:00,310.5300000000003,311.93000000000035,309.4600000000003,311.7800000000003,11957
2026-02-23T16:30:00+00:00,311.7800000000003,312.17000000000036,311.0300000000003,311.55000000000035,9819
2026-02-23T17:00:00+00:00,311.55000000000035,311.92000000000036,311.26000000000033,311.57000000000033,6352
2026-02-23T17:30:00+00:00,311.57000000000033,311.7100000000003,310.5300000000003,311.19000000000034,6440
2026-02-23T18:00:00+00:00,311.19000000000034,312.6400000000003,311.19000000000034,312.25000000000034,5074
2026-02-23T18:30:00+00:00,312.25000000000034,312.30000000000035,310.41000000000037,310.57000000000033,5822
2026-02-23T19:00:00+00:00,310.57000000000033,310.98000000000036,310.26000000000033,310.3400000000003,5882
2026-02-23T19:30:00+00:00,310.3400000000003,310.61000000000035,308.17000000000036,308.23000000000036,5652
2026-02-23T20:00:00+00:00,308.23000000000036,309.19000000000034,307.62000000000035,309.13000000000034,4701
2026-02-23T20:30:00+00:00,309.13000000000034,309.47000000000037,308.1400000000003,309.4000000000003,5960
2026-02-24T14:30:00+00:00,309.4000000000003,309.4000000000003,303.69000000000034,305.6500000000003,10251
2026-02-24T15:00:00+00:00,305.6500000000003,307.13000000000034,303.7800000000003,307.07000000000033,12121
2026-02-24T15:30:00+00:00,307.07000000000033,308.12000000000035,306.48000000000036,307.48000000000036,9773
2026-02-24T16:00:00+00:00,307.48000000000036,308.9600000000003,307.45000000000033,308.49000000000035,7522
2026-02-24T16:30:00+00:00,308.49000000000035,309.06000000000034,307.95000000000033,308.87000000000035,6815
2026-02-24T17:00:00+00:00,308.87000000000035,309.66000000000037,308.56000000000034,309.5800000000004,5595
2026-02-24T17:30:00+00:00,309.5800000000004,310.0100000000004,308.7000000000004,308.75000000000034,4547
2026-02-24T18:00:00+00:00,308.75000000000034,309.26000000000033,308.37000000000035,308.4500000000004,4562
2026-02-24T18:30:00+00:00,308.4500000000004,308.82000000000033,308.01000000000033,308.2100000000004,4976
2026-02-24T19:00:00+00:00,308.2100000000004,308.51000000000033,307.22000000000037,307.8300000000004,5716
2026-02-24T19:30:00+00:00,307.8300000000004,309.05000000000035,307.81000000000034,308.81000000000034,4819
2026-02-24T20:00:00+00:00,308.81000000000034,309.25000000000034,308.4500000000004,308.7100000000004,4599
2026-02-24T20:30:00+00:00,308.7100000000004,309.17000000000036,308.17000000000036,308.6300000000004,6009
2026-02-25T14:30:00+00:00,308.6300000000004,311.24000000000035,307.2000000000004,310.3800000000004,8508
2026-02-25T15:00:00+00:00,310.3800000000004,310.56000000000034,309.0200000000003,309.74000000000035,8399
2026-02-25T15:30:00+00:00,309.74000000000035,309.82000000000033,307.2800000000003,307.55000000000035,6540
2026-02-25T16:00:00+00:00,307.55000000000035,308.3200000000003,306.9500000000003,308.2100000000003,5660
2026-02-25T16:30:00+00:00,308.2100000000003,309.03000000000026,308.0500000000003,308.59000000000026,4600
2026-02-25T17:00:00+00:00,308.59000000000026,309.27000000000027,308.2500000000003,308.3000000000003,4023
2026-02-25T17:30:00+00:00,308.3000000000003,308.5000000000003,307.6600000000003,308.09000000000026,4152
2026-02-25T18:00:00+00:00,308.09000000000026,308.58000000000027,307.8800000000003,307.9900000000003,3511
2026-02-25T18:30:00+00:00,307.9900000000003,308.3200000000003,307.8600000000003,308.3000000000003,3004
2026-02-25T19:00:00+00:00,308.3000000000003,309.11000000000024,308.0100000000003,308.7000000000003,4046
2026-02-25T19:30:00+00:00,308.7000000000003,309.10000000000025,308.30000000000024,308.9500000000003,3461
2026-02-25T20:00:00+00:00,308.9500000000003,310.13000000000017,308.72000000000025,310.0200000000002,4299
2026-02-25T20:30:00+00:00,310.0200000000002,310.89000000000016,309.3600000000002,310.51000000000016,5603
2026-02-26T14:30:00+00:00,310.51000000000016,310.52000000000015,304.0100000000001,304.1600000000001,11366
2026-02-26T15:00:00+00:00,304.1600000000001,304.5400000000001,300.1400000000001,301.1000000000001,13573
2026-02-26T15:30:00+00:00,301.1000000000001,302.6300000000001,300.3300000000001,302.1500000000001,11769
2026-02-26T16:00:00+00:00,302.1500000000001,305.0300000000001,302.0100000000001,304.8400000000001,8950
2026-02-26T16:30:00+00:00,304.8400000000001,305.4600000000001,302.7800000000001,303.2000000000001,9577
2026-02-26T17:00:00+00:00,303.2000000000001,304.4200000000001,302.9800000000001,303.11000000000007,7719
2026-02-26T17:30:00+00:00,303.11000000000007,303.4500000000001,302.3700000000001,302.7900000000001,6987
2026-02-26T18:00:00+00:00,302.7900000000001,303.1900000000001,302.36000000000007,302.5100000000001,6099
2026-02-26T18:30:00+00:00,302.5100000000001,304.53,302.4500000000001,304.36,6624.088709033005
2026-02-26T19:00:00+00:00,304.36,306.79000000000025,304.25,306.2200000000003,6581.012964273734
2026-02-26T19:30:00+00:00,306.2200000000003,306.9000000000003,306.1000000000003,306.24000000000035,5114.464467696398
2026-02-26T20:00:00+00:00,306.24000000000035,306.47000000000025,305.0600000000002,305.1700000000002,4769.921346653669
2026-02-26T20:30:00+00:00,305.1700000000002,306.07000000000016,304.7100000000002,305.5200000000002,5309
2026-02-27T14:30:00+00:00,305.5200000000002,307.6200000000002,301.6800000000002,305.9200000000002,9298
2026-02-27T15:00:00+00:00,305.9200000000002,307.14000000000016,305.38000000000017,306.0900000000002,10968
2026-02-27T15:30:00+00:00,306.0900000000002,307.2700000000002,305.5300000000002,306.3800000000002,8059.702654160847
2026-02-27T16:00:00+00:00,306.3800000000002,306.87000000000023,305.49000000000024,306.05000000000024,9804
2026-02-27T16:30:00+00:00,306.05000000000024,306.66000000000025,305.17000000000024,305.31000000000023,10257
2026-02-27T17:00:00+00:00,305.31000000000023,307.11000000000024,304.93000000000023,305.64000000000027,8985
2026-02-27T17:30:00+00:00,305.64000000000027,306.10000000000025,304.4400000000002,304.68000000000023,10420
2026-02-27T18:00:00+00:00,304.68000000000023,304.83000000000027,303.2500000000002,303.7600000000003,7777
2026-02-27T18:30:00+00:00,303.7600000000003,305.0000000000002,303.42000000000024,304.62000000000023,5681
2026-02-27T19:00:00+00:00,304.62000000000023,306.42000000000024,304.58000000000027,305.02000000000027,5706
2026-02-27T19:30:00+00:00,305.02000000000027,305.18000000000023,304.28000000000026,304.55000000000024,4815
2026-02-27T20:00:00+00:00,304.55000000000024,306.04000000000025,304.49000000000024,305.7600000000003,4852
2026-02-27T20:30:00+00:00,305.7600000000003,310.16000000000025,304.77000000000027,309.64000000000027,8261
2026-03-02T14:30:00+00:00,309.64000000000027,312.4400000000003,307.40000000000026,310.60000000000025,9885
2026-03-02T15:00:00+00:00,310.60000000000025,311.7300000000003,309.89000000000027,310.6800000000003,11076
2026-03-02T15:30:00+00:00,310.6800000000003,311.78000000000026,310.21000000000026,311.2000000000003,9796
2026-03-02T16:00:00+00:00,311.2000000000003,312.1100000000003,310.34000000000026,310.8000000000003,7755
2026-03-02T16:30:00+00:00,310.8000000000003,314.08000000000027,310.8000000000003,313.7500000000003,8609
2026-03-02T17:00:00+00:00,313.7500000000003,314.1200000000003,313.3200000000003,313.9200000000003,6717
2026-03-02T17:30:00+00:00,313.9200000000003,314.52000000000027,313.3800000000003,314.3200000000003,4992
2026-03-02T18:00:00+00:00,314.3200000000003,314.41000000000025,312.46000000000026,312.9400000000003,5059
2026-03-02T18:30:00+00:00,312.9400000000003,313.10000000000025,311.97000000000025,312.0000000000003,4914
2026-03-02T19:00:00+00:00,312.0000000000003,313.6800000000003,311.91000000000025,313.64000000000027,5415
2026-03-02T19:30:00+00:00,313.64000000000027,314.1200000000003,313.2300000000003,313.58000000000027,4132
2026-03-02T20:00:00+00:00,313.58000000000027,313.6700000000003,311.5500000000003,311.66000000000025,7551
2026-03-02T20:30:00+00:00,311.66000000000025,313.2600000000003,311.3000000000003,312.4800000000003,7648
2026-03-03T14:30:00+00:00,312.4800000000003,312.4800000000003,303.02000000000027,305.6100000000003,10861
2026-03-03T15:00:00+00:00,305.6100000000003,306.83000000000027,303.4500000000003,303.7000000000003,12045
2026-03-03T15:30:00+00:00,303.7000000000003,305.3600000000003,303.54000000000025,305.1100000000003,13954
2026-03-03T16:00:00+00:00,305.1100000000003,307.90000000000026,304.71000000000026,307.40000000000026,10819
2026-03-03T16:30:00+00:00,307.40000000000026,308.5500000000003,306.40000000000026,307.29000000000025,10416
2026-03-03T17:00:00+00:00,307.29000000000025,308.16000000000025,306.96000000000026,307.8100000000003,9430
2026-03-03T17:30:00+00:00,307.8100000000003,307.83000000000027,306.7300000000003,306.8000000000003,8057
2026-03-03T18:00:00+00:00,306.8000000000003,307.8700000000003,306.6100000000003,307.21000000000026,6555
2026-03-03T18:30:00+00:00,307.21000000000026,309.4400000000003,307.15000000000026,308.8100000000003,8388
2026-03-03T19:00:00+00:00,308.8100000000003,309.09000000000026,307.5000000000003,307.5100000000003,7189
2026-03-03T19:30:00+00:00,307.5100000000003,309.60000000000025,307.0500000000003,308.8200000000003,9117
2026-03-03T20:00:00+00:00,308.8200000000003,309.54000000000025,308.09000000000026,309.08000000000027,6773
2026-03-03T20:30:00+00:00,309.08000000000027,310.3000000000003,308.3000000000003,309.7500000000003,7343
2026-03-04T14:30:00+00:00,309.7500000000003,310.1900000000003,307.1700000000003,309.27000000000027,9593
2026-03-04T15:00:00+00:00,309.27000000000027,311.6300000000003,308.2300000000003,311.4900000000003,9751
2026-03-04T15:30:00+00:00,311.4900000000003,311.83000000000027,309.3600000000003,310.91000000000025,9394
2026-03-04T16:00:00+00:00,310.91000000000025,311.35000000000025,309.6900000000003,310.8800000000003,9324
2026-03-04T16:30:00+00:00,310.8800000000003,311.3100000000003,310.4200000000003,310.46000000000026,6295
2026-03-04T17:00:00+00:00,310.46000000000026,310.83000000000027,310.02000000000027,310.15000000000026,5305
2026-03-04T17:30:00+00:00,310.15000000000026,310.6800000000003,309.79000000000025,310.4900000000003,5087
2026-03-04T18:00:00+00:00,310.4900000000003,310.5600000000003,309.7000000000003,309.8700000000003,4432
2026-03-04T18:30:00+00:00,309.8700000000003,310.22000000000025,309.1900000000003,309.46000000000026,4229
2026-03-04T19:00:00+00:00,309.46000000000026,309.9200000000003,309.2400000000003,309.3000000000003,3765
2026-03-04T19:30:00+00:00,309.3000000000003,309.7600000000003,309.10000000000025,309.1300000000003,3495
2026-03-04T20:00:00+00:00,309.1300000000003,309.3000000000003,308.47000000000025,309.2600000000003,3610
2026-03-04T20:30:00+00:00,309.2600000000003,310.0100000000003,308.96000000000026,309.6100000000003,5807
2026-03-05T14:30:00+00:00,309.6100000000003,309.6100000000003,305.5100000000003,307.8800000000003,11439
2026-03-05T15:00:00+00:00,307.8800000000003,308.41000000000025,305.60000000000025,306.1200000000003,10770
2026-03-05T15:30:00+00:00,306.1200000000003,307.4200000000003,305.3100000000003,306.72000000000025,10648
2026-03-05T16:00:00+00:00,306.72000000000025,306.96000000000026,304.72000000000025,305.2600000000003,10269
2026-03-05T16:30:00+00:00,305.2600000000003,306.64000000000027,305.2600000000003,306.16000000000025,9023
2026-03-05T17:00:00+00:00,306.16000000000025,306.84000000000026,304.89000000000027,305.03000000000026,8817
2026-03-05T17:30:00+00:00,305.03000000000026,305.9400000000003,304.6200000000003,305.77000000000027,9244
2026-03-05T18:00:00+00:00,305.77000000000027,306.72000000000025,304.64000000000027,304.7400000000003,9650
2026-03-05T18:30:00+00:00,304.7400000000003,305.2000000000003,304.4900000000003,304.9800000000003,7998
2026-03-05T19:00:00+00:00,304.9800000000003,306.03000000000026,304.83000000000027,305.7400000000003,8352
2026-03-05T19:30:00+00:00,305.7400000000003,306.33000000000027,305.2000000000003,305.6100000000003,7438
2026-03-05T20:00:00+00:00,305.6100000000003,307.1200000000003,305.14000000000027,306.3600000000003,7139
2026-03-05T20:30:00+00:00,306.3600000000003,307.7600000000003,305.40000000000026,307.46000000000026,8331
2026-03-06T14:30:00+00:00,307.46000000000026,307.46000000000026,301.4300000000003,304.72000000000025,10216
2026-03-06T15:00:00+00:00,304.72000000000025,306.39000000000027,304.16000000000025,306.0000000000003,10828
2026-03-06T15:30:00+00:00,306.0000000000003,306.6900000000003,305.04000000000025,305.8600000000003,9376
2026-03-06T16:00:00+00:00,305.8600000000003,306.47000000000025,305.04000000000025,305.71000000000026,8490
2026-03-06T16:30:00+00:00,305.71000000000026,306.27000000000027,304.9500000000003,305.40000000000026,10586
2026-03-06T17:00:00+00:00,305.40000000000026,306.10000000000025,304.9400000000003,305.33000000000027,10006
2026-03-06T17:30:00+00:00,305.33000000000027,305.6700000000003,304.59000000000026,304.6200000000003,8278
2026-03-06T18:00:00+00:00,304.6200000000003,306.28000000000026,304.5600000000003,305.5600000000003,8503
2026-03-06T18:30:00+00:00,305.5600000000003,306.10000000000025,305.35000000000025,305.6700000000003,8276
2026-03-06T19:00:00+00:00,305.6700000000003,306.1100000000003,304.97000000000025,305.41000000000025,7576
2026-03-06T19:30:00+00:00,305.41000000000025,305.6200000000003,304.39000000000027,304.89000000000027,7601
2026-03-06T20:00:00+00:00,304.89000000000027,305.89000000000027,304.1100000000003,304.4800000000003,6277
2026-03-06T20:30:00+00:00,304.4800000000003,304.9500000000003,303.7600000000003,304.3700000000003,9970
2026-03-09T13:30:00+00:00,304.3700000000003,304.3700000000003,299.9800000000003,301.2400000000003,9728
2026-03-09T14:00:00+00:00,301.2400000000003,304.60000000000025,301.1900000000003,303.1200000000003,10981
2026-03-09T14:30:00+00:00,303.1200000000003,305.9500000000003,303.0000000000003,305.1700000000003,8900
2026-03-09T15:00:00+00:00,305.1700000000003,306.0600000000003,304.60000000000025,305.4800000000003,6158
2026-03-09T15:30:00+00:00,305.4800000000003,306.28000000000026,304.9900000000003,305.9200000000003,5707
2026-03-09T16:00:00+00:00,305.9200000000003,307.46000000000026,305.7400000000003,306.83000000000027,5091
2026-03-09T16:30:00+00:00,306.83000000000027,308.02000000000027,306.6300000000003,307.66000000000025,5569
2026-03-09T17:00:00+00:00,307.66000000000025,307.77000000000027,306.16000000000025,306.8000000000003,5231
2026-03-09T17:30:00+00:00,306.8000000000003,307.7600000000003,306.6300000000003,307.4500000000003,4454
2026-03-09T18:00:00+00:00,307.4500000000003,307.9800000000003,307.14000000000027,307.2000000000003,4616
2026-03-09T18:30:00+00:00,307.2000000000003,308.9300000000003,307.15000000000026,308.1300000000003,5446
2026-03-09T19:00:00+00:00,308.1300000000003,311.2000000000003,307.85000000000025,311.14000000000027,9871
2026-03-09T19:30:00+00:00,311.14000000000027,312.8700000000003,310.5600000000003,312.6100000000003,11596
2026-03-10T13:30:00+00:00,312.6100000000003,314.5000000000003,311.35000000000025,311.9400000000003,10266
2026-03-10T14:00:00+00:00,311.9400000000003,313.3700000000003,311.6800000000003,312.6700000000003,11093
2026-03-10T14:30:00+00:00,312.6700000000003,315.0500000000003,312.59000000000026,315.0500000000003,6990
2026-03-10T15:00:00+00:00,315.0500000000003,315.5100000000003,314.0500000000003,314.39000000000027,5428
2026-03-10T15:30:00+00:00,314.39000000000027,315.3100000000003,314.0500000000003,315.1100000000003,5964
2026-03-10T16:00:00+00:00,315.1100000000003,315.15000000000026,313.6900000000003,314.3100000000003,7428
2026-03-10T16:30:00+00:00,314.3100000000003,314.79000000000025,313.90000000000026,314.1800000000003,5109
2026-03-10T17:00:00+00:00,314.1800000000003,315.16000000000025,314.09000000000026,315.0500000000003,5771
2026-03-10T17:30:00+00:00,315.0500000000003,315.34000000000026,314.14000000000027,314.3700000000003,8788
2026-03-10T18:00:00+00:00,314.3700000000003,314.39000000000027,312.5600000000003,313.83000000000027,10375
2026-03-10T18:30:00+00:00,313.83000000000027,314.4400000000003,313.41000000000025,313.59000000000026,8747
2026-03-10T19:00:00+00:00,313.59000000000026,314.04000000000025,312.89000000000027,312.91000000000025,6646
2026-03-10T19:30:00+00:00,312.91000000000025,313.8000000000003,312.6800000000003,313.14000000000027,8658
2026-03-11T13:30:00+00:00,313.14000000000027,316.14000000000027,313.10000000000025,316.10000000000025,9926
2026-03-11T14:00:00+00:00,316.10000000000025,317.91000000000025,315.4300000000003,317.8700000000003,13461
2026-03-11T14:30:00+00:00,317.8700000000003,318.35000000000025,316.46000000000026,317.65000000000026,8931
2026-03-11T15:00:00+00:00,317.65000000000026,317.9400000000003,315.65000000000026,315.8200000000003,9179
2026-03-11T15:30:00+00:00,315.8200000000003,316.72000000000025,315.46000000000026,316.1200000000003,8212
2026-03-11T16:00:00+00:00,316.1200000000003,316.3100000000003,315.29000000000025,315.71000000000026,7012
2026-03-11T16:30:00+00:00,315.71000000000026,316.2600000000003,315.6300000000003,316.17000000000024,6752
2026-03-11T17:00:00+00:00,316.17000000000024,316.60000000000025,315.65000000000026,316.36000000000024,6283
2026-03-11T17:30:00+00:00,316.36000000000024,316.4400000000003,314.7600000000003,315.5600000000003,9470
2026-03-11T18:00:00+00:00,315.5600000000003,315.64000000000027,314.60000000000025,315.3800000000003,6219
2026-03-11T18:30:00+00:00,315.3800000000003,315.84000000000026,314.7500000000003,314.86000000000024,5415
2026-03-11T19:00:00+00:00,314.86000000000024,315.29000000000025,314.3700000000003,315.0700000000003,4725
2026-03-11T19:30:00+00:00,315.0700000000003,315.97000000000025,314.84000000000026,315.67000000000024,6365
2026-03-12T13:30:00+00:00,315.67000000000024,315.90000000000026,310.84000000000026,311.27000000000027,10836
2026-03-12T14:00:00+00:00,311.27000000000027,312.08000000000027,309.78000000000026,309.78000000000026,11768
2026-03-12T14:30:00+00:00,309.78000000000026,310.5600000000003,308.8800000000003,309.0600000000003,8460
2026-03-12T15:00:00+00:00,309.0600000000003,309.4300000000003,308.14000000000027,309.40000000000026,9048
2026-03-12T15:30:00+00:00,309.40000000000026,310.55000000000024,309.04000000000025,310.2500000000003,8881
2026-03-12T16:00:00+00:00,310.2500000000003,311.05000000000024,309.35000000000025,310.1200000000003,7599
2026-03-12T16:30:00+00:00,310.1200000000003,310.8700000000003,309.90000000000026,310.52000000000027,6632
2026-03-12T17:00:00+00:00,310.52000000000027,311.33000000000027,310.42000000000024,310.91000000000025,5685
2026-03-12T17:30:00+00:00,310.91000000000025,311.33000000000027,310.1200000000003,310.7500000000003,6113
2026-03-12T18:00:00+00:00,310.7500000000003,311.8100000000003,310.73000000000025,311.66000000000025,5971
2026-03-12T18:30:00+00:00,311.66000000000025,311.66000000000025,311.0700000000003,311.42000000000024,5155
2026-03-12T19:00:00+00:00,311.42000000000024,312.1200000000003,310.99000000000024,311.85000000000025,5390
2026-03-12T19:30:00+00:00,311.85000000000025,312.08000000000027,310.24000000000024,310.53000000000026,6830
2026-03-13T13:30:00+00:00,310.53000000000026,314.5100000000003,310.53000000000026,312.79000000000025,10929
2026-03-13T14:00:00+00:00,312.79000000000025,313.78000000000026,312.1800000000003,313.5700000000003,12222
2026-03-13T14:30:00+00:00,313.5700000000003,314.47000000000025,311.35000000000025,311.74000000000024,11008
2026-03-13T15:00:00+00:00,311.74000000000024,313.02000000000027,310.86000000000024,310.98000000000025,10026
2026-03-13T15:30:00+00:00,310.98000000000025,311.2000000000003,309.28000000000026,309.66000000000025,10077
2026-03-13T16:00:00+00:00,309.66000000000025,310.22000000000025,309.05000000000024,309.40000000000026,8433
2026-03-13T16:30:00+00:00,309.40000000000026,309.8700000000003,307.34000000000026,307.46000000000026,7624
2026-03-13T17:00:00+00:00,307.46000000000026,309.35000000000025,307.46000000000026,308.59000000000026,6773
2026-03-13T17:30:00+00:00,308.59000000000026,308.73000000000025,307.11000000000024,307.2600000000003,6813
2026-03-13T18:00:00+00:00,307.2600000000003,308.72000000000025,307.14000000000027,308.65000000000026,6416
2026-03-13T18:30:00+00:00,308.65000000000026,309.33000000000027,308.35000000000025,308.90000000000026,5364
2026-03-13T19:00:00+00:00,308.90000000000026,309.05000000000024,307.77000000000027,308.14000000000027,5347
2026-03-13T19:30:00+00:00,308.14000000000027,309.09000000000026,307.64000000000027,308.9300000000003,6638
2026-03-16T13:30:00+00:00,308.9300000000003,312.0000000000003,308.9300000000003,311.83000000000027,11526
2026-03-16T14:00:00+00:00,311.83000000000027,312.92000000000024,311.1800000000003,311.66000000000025,11514
2026-03-16T14:30:00+00:00,311.66000000000025,311.66000000000025,309.90000000000026,310.3700000000003,9690
2026-03-16T15:00:00+00:00,310.3700000000003,310.52000000000027,309.54000000000025,310.29000000000025,7344
2026-03-16T15:30:00+00:00,310.29000000000025,310.6800000000003,309.59000000000026,309.8100000000003,6053
2026-03-16T16:00:00+00:00,309.8100000000003,310.46000000000026,309.14000000000027,309.29000000000025,7263
2026-03-16T16:30:00+00:00,309.29000000000025,310.61000000000024,309.1800000000003,310.46000000000026,6901
2026-03-16T17:00:00+00:00,310.46000000000026,311.02000000000027,310.40000000000026,310.6300000000003,5838
2026-03-16T17:30:00+00:00,310.6300000000003,310.90000000000026,310.4300000000003,310.66000000000025,4873
2026-03-16T18:00:00+00:00,310.66000000000025,311.29000000000025,310.36000000000024,311.0000000000003,5212
2026-03-16T18:30:00+00:00,311.0000000000003,311.92000000000024,310.90000000000026,311.71000000000026,4107
2026-03-16T19:00:00+00:00,311.71000000000026,312.3700000000003,310.6200000000003,312.24000000000024,7194
2026-03-16T19:30:00+00:00,312.24000000000024,312.39000000000027,310.98000000000025,311.9300000000003,7009
2026-03-17T13:30:00+00:00,311.9300000000003,313.6300000000003,311.46000000000026,312.55000000000024,8839
2026-03-17T14:00:00+00:00,312.55000000000024,313.58000000000027,312.16000000000025,313.2600000000003,9590
2026-03-17T14:30:00+00:00,313.2600000000003,314.02000000000027,312.91000000000025,312.98000000000025,6875
2026-03-17T15:00:00+00:00,312.98000000000025,313.3800000000003,312.59000000000026,312.6300000000003,6772
2026-03-17T15:30:00+00:00,312.6300000000003,314.15000000000026,312.3800000000003,314.0000000000003,6914
2026-03-17T16:00:00+00:00,314.0000000000003,314.8200000000003,313.83000000000027,314.3800000000003,6714
2026-03-17T16:30:00+00:00,314.3800000000003,314.65000000000026,313.90000000000026,313.97000000000025,5559
2026-03-17T17:00:00+00:00,313.97000000000025,314.3700000000003,313.8200000000003,314.0600000000003,4003
2026-03-17T17:30:00+00:00,314.0600000000003,314.8800000000003,313.9300000000003,314.85000000000025,3717
2026-03-17T18:00:00+00:00,314.85000000000025,315.73000000000025,314.6300000000003,315.41000000000025,4102
2026-03-17T18:30:00+00:00,315.41000000000025,316.0700000000003,315.1200000000003,315.97000000000025,3730
2026-03-17T19:00:00+00:00,315.97000000000025,316.8200000000003,315.83000000000027,316.71000000000026,3992
2026-03-17T19:30:00+00:00,316.71000000000026,317.33000000000027,316.29000000000025,316.78000000000026,6395
2026-03-18T13:30:00+00:00,316.78000000000026,318.0700000000003,314.7500000000003,316.22000000000025,12572
2026-03-18T14:00:00+00:00,316.22000000000025,317.0100000000003,314.59000000000026,314.98000000000025,12408
2026-03-18T14:30:00+00:00,314.98000000000025,317.16000000000025,314.8700000000003,316.53000000000026,8210
2026-03-18T15:00:00+00:00,316.53000000000026,316.80000000000024,315.7600000000003,316.48000000000025,7054
2026-03-18T15:30:00+00:00,316.48000000000025,317.02000000000027,315.99000000000024,316.35000000000025,5830
2026-03-18T16:00:00+00:00,316.35000000000025,316.59000000000026,315.90000000000026,315.99000000000024,4945
2026-03-18T16:30:00+00:00,315.99000000000024,316.14000000000027,315.10000000000025,315.4400000000003,5024
2026-03-18T17:00:00+00:00,315.4400000000003,315.4400000000003,314.49000000000024,314.72000000000025,4602
2026-03-18T17:30:00+00:00,314.72000000000025,315.4500000000003,314.41000000000025,315.1900000000003,4519
2026-03-18T18:00:00+00:00,315.1900000000003,315.8200000000003,314.4300000000003,314.60000000000025,6809
2026-03-18T18:30:00+00:00,314.60000000000025,314.73000000000025,313.6900000000003,313.7500000000003,8141
2026-03-18T19:00:00+00:00,313.7500000000003,314.7500000000003,313.66000000000025,313.90000000000026,6094
2026-03-18T19:30:00+00:00,313.90000000000026,314.15000000000026,312.86000000000024,313.7600000000003,6557
2026-03-19T13:30:00+00:00,313.7600000000003,313.7600000000003,308.30000000000024,310.80000000000024,11605
2026-03-19T14:00:00+00:00,310.80000000000024,311.71000000000026,309.4500000000003,309.67000000000024,11844
2026-03-19T14:30:00+00:00,309.67000000000024,311.5100000000003,309.4300000000003,310.98000000000025,8803
2026-03-19T15:00:00+00:00,310.98000000000025,311.89000000000027,309.97000000000025,309.99000000000024,7846
2026-03-19T15:30:00+00:00,309.99000000000024,311.0700000000003,309.36000000000024,311.0600000000003,8132
2026-03-19T16:00:00+00:00,311.0600000000003,311.90000000000026,310.73000000000025,311.42000000000024,6748
2026-03-19T16:30:00+00:00,311.42000000000024,312.0100000000003,310.73000000000025,311.8800000000003,5354
2026-03-19T17:00:00+00:00,311.8800000000003,311.9400000000003,310.73000000000025,311.5100000000003,5401
2026-03-19T17:30:00+00:00,311.5100000000003,312.05000000000024,310.85000000000025,311.61000000000024,4001
2026-03-19T18:00:00+00:00,311.61000000000024,312.0100000000003,310.96000000000026,311.35000000000025,3731
2026-03-19T18:30:00+00:00,311.35000000000025,312.54000000000025,310.97000000000025,312.21000000000026,3786
2026-03-19T19:00:00+00:00,312.21000000000026,313.96000000000026,312.10000000000025,312.79000000000025,11234
2026-03-19T19:30:00+00:00,312.79000000000025,313.46000000000026,311.97000000000025,313.0100000000003,8669
2026-03-20T13:30:00+00:00,313.0100000000003,313.0100000000003,307.78000000000026,308.0600000000003,10105
2026-03-20T14:00:00+00:00,308.0600000000003,308.92000000000024,307.29000000000025,308.1300000000003,10984
2026-03-20T14:30:00+00:00,308.1300000000003,308.80000000000024,307.5000000000003,307.83000000000027,8237
2026-03-20T15:00:00+00:00,307.83000000000027,308.29000000000025,306.85000000000025,307.3800000000003,9443
2026-03-20T15:30:00+00:00,307.3800000000003,308.2600000000003,307.1800000000003,308.10000000000025,6604
2026-03-20T16:00:00+00:00,308.10000000000025,308.89000000000027,307.91000000000025,308.08000000000027,6022
2026-03-20T16:30:00+00:00,308.08000000000027,308.15000000000026,306.65000000000026,306.7500000000003,5585
2026-03-20T17:00:00+00:00,306.7500000000003,307.1900000000003,306.16000000000025,306.53000000000026,5650
2026-03-20T17:30:00+00:00,306.53000000000026,306.67000000000024,305.7500000000003,306.42000000000024,4508
2026-03-20T18:00:00+00:00,306.42000000000024,306.53000000000026,305.5600000000003,305.8200000000003,6722
2026-03-20T18:30:00+00:00,305.8200000000003,305.91000000000025,304.74000000000024,305.02000000000027,5739
2026-03-20T19:00:00+00:00,305.02000000000027,305.5100000000003,304.8800000000003,305.30000000000024,4968
2026-03-20T19:30:00+00:00,305.30000000000024,306.9400000000003,304.05000000000024,306.30000000000024,8703
2026-03-23T13:30:00+00:00,306.30000000000024,310.2000000000003,306.30000000000024,309.1300000000003,13928
2026-03-23T14:00:00+00:00,309.1300000000003,310.6900000000003,308.7500000000003,309.7600000000003,11379
2026-03-23T14:30:00+00:00,309.7600000000003,309.80000000000024,307.6900000000003,307.98000000000025,9377
2026-03-23T15:00:00+00:00,307.98000000000025,309.4500000000003,307.7500000000003,308.74000000000024,8540
2026-03-23T15:30:00+00:00,308.74000000000024,308.8700000000003,306.49000000000024,307.27000000000027,9808
2026-03-23T16:00:00+00:00,307.27000000000027,307.78000000000026,305.35000000000025,305.3700000000003,10527
2026-03-23T16:30:00+00:00,305.3700000000003,306.54000000000025,305.35000000000025,306.22000000000025,8753
2026-03-23T17:00:00+00:00,306.22000000000025,306.52000000000027,305.47000000000025,305.84000000000026,6979
2026-03-23T17:30:00+00:00,305.84000000000026,306.86000000000024,305.5600000000003,306.24000000000024,6841
2026-03-23T18:00:00+00:00,306.24000000000024,306.73000000000025,305.84000000000026,306.42000000000024,6847
2026-03-23T18:30:00+00:00,306.42000000000024,307.6800000000003,306.41000000000025,307.5000000000003,4886
2026-03-23T19:00:00+00:00,307.5000000000003,307.59000000000026,306.4500000000003,307.0100000000003,4134
2026-03-23T19:30:00+00:00,307.0100000000003,307.67000000000024,305.84000000000026,306.2500000000003,7373
2026-03-24T13:30:00+00:00,306.2500000000003,306.2500000000003,301.54000000000025,302.5600000000003,10271
2026-03-24T14:00:00+00:00,302.5600000000003,303.21000000000026,300.27000000000027,300.36000000000024,11162
2026-03-24T14:30:00+00:00,300.36000000000024,301.72000000000025,299.92000000000024,300.27000000000027,10867
2026-03-24T15:00:00+00:00,300.27000000000027,301.30000000000024,299.96000000000026,300.2500000000003,8180
2026-03-24T15:30:00+00:00,300.2500000000003,301.09000000000026,299.1900000000003,300.0100000000003,5677
2026-03-24T16:00:00+00:00,300.0100000000003,300.09000000000026,297.34000000000026,298.66000000000025,7247
2026-03-24T16:30:00+00:00,298.66000000000025,298.77000000000027,297.74000000000024,298.42000000000024,5939
2026-03-24T17:00:00+00:00,298.42000000000024,298.60000000000025,296.9400000000003,297.55000000000024,6726
2026-03-24T17:30:00+00:00,297.55000000000024,298.4400000000003,297.2600000000003,298.3100000000003,5922
2026-03-24T18:00:00+00:00,298.3100000000003,298.84000000000026,297.74000000000024,298.34000000000026,6242
2026-03-24T18:30:00+00:00,298.34000000000026,299.1800000000003,297.8100000000003,298.11000000000024,5943
2026-03-24T19:00:00+00:00,298.11000000000024,298.6900000000003,297.0000000000003,297.0100000000003,4591
2026-03-24T19:30:00+00:00,297.0100000000003,297.15000000000026,296.1800000000003,296.5000000000003,7042
2026-03-25T13:30:00+00:00,296.5000000000003,301.97000000000025,296.5000000000003,297.58000000000027,12126
2026-03-25T14:00:00+00:00,297.58000000000027,297.77000000000027,296.17000000000024,296.9300000000003,12109
2026-03-25T14:30:00+00:00,296.9300000000003,298.2000000000003,296.60000000000025,297.36000000000024,9254
2026-03-25T15:00:00+00:00,297.36000000000024,297.85000000000025,295.3700000000003,297.0700000000003,9762
2026-03-25T15:30:00+00:00,297.0700000000003,297.3100000000003,295.4500000000003,296.40000000000026,7661
2026-03-25T16:00:00+00:00,296.40000000000026,297.1200000000003,295.8800000000003,296.99000000000024,7832
2026-03-25T16:30:00+00:00,296.99000000000024,297.30000000000024,296.28000000000026,296.5000000000003,5944
2026-03-25T17:00:00+00:00,296.5000000000003,296.8100000000003,295.92000000000024,296.5100000000003,6072
2026-03-25T17:30:00+00:00,296.5100000000003,297.36000000000024,296.09000000000026,296.58000000000027,6241
2026-03-25T18:00:00+00:00,296.58000000000027,296.7600000000003,295.3700000000003,295.5000000000003,5323
2026-03-25T18:30:00+00:00,295.5000000000003,295.7500000000003,294.67000000000024,295.2500000000003,5139
2026-03-25T19:00:00+00:00,295.2500000000003,295.91000000000025,294.8800000000003,295.72000000000025,5110
2026-03-25T19:30:00+00:00,295.72000000000025,297.0100000000003,295.48000000000025,296.8800000000003,6052
2026-03-26T13:30:00+00:00,296.8800000000003,296.8800000000003,290.2600000000003,292.60000000000025,12439
2026-03-26T14:00:00+00:00,292.60000000000025,293.58000000000027,292.09000000000026,292.2000000000003,10026
2026-03-26T14:30:00+00:00,292.2000000000003,293.84000000000026,291.92000000000024,292.46000000000026,10668
2026-03-26T15:00:00+00:00,292.46000000000026,292.65000000000026,291.40000000000026,291.8800000000003,7600
2026-03-26T15:30:00+00:00,291.8800000000003,291.97000000000025,290.9400000000003,291.21000000000026,6903
2026-03-26T16:00:00+00:00,291.21000000000026,291.49000000000024,290.53000000000026,290.64000000000027,6494
2026-03-26T16:30:00+00:00,290.64000000000027,291.0700000000003,289.92000000000024,290.55000000000024,6737
2026-03-26T17:00:00+00:00,290.55000000000024,290.8100000000003,289.24000000000024,289.47000000000025,5984
2026-03-26T17:30:00+00:00,289.47000000000025,289.8800000000003,288.6900000000003,288.8100000000003,7031
2026-03-26T18:00:00+00:00,288.8100000000003,289.1800000000003,286.39000000000027,287.73000000000025,8580
2026-03-26T18:30:00+00:00,287.73000000000025,288.8200000000003,287.61000000000024,288.52000000000027,5338
2026-03-26T19:00:00+00:00,288.52000000000027,288.58000000000027,287.34000000000026,288.4400000000003,4290
2026-03-26T19:30:00+00:00,288.4400000000003,288.74000000000024,287.16000000000025,288.10000000000025,7848
2026-03-27T13:30:00+00:00,288.10000000000025,288.10000000000025,282.22000000000025,283.71000000000026,11558
2026-03-27T14:00:00+00:00,283.71000000000026,286.0000000000003,283.54000000000025,284.98000000000025,11182
2026-03-27T14:30:00+00:00,284.98000000000025,286.40000000000026,284.4500000000003,285.89000000000027,9077
2026-03-27T15:00:00+00:00,285.89000000000027,286.15000000000026,284.54000000000025,285.27000000000027,8632
2026-03-27T15:30:00+00:00,285.27000000000027,285.7500000000003,284.46000000000026,284.7600000000003,7497
2026-03-27T16:00:00+00:00,284.7600000000003,284.8100000000003,283.28000000000026,283.49000000000024,6292
2026-03-27T16:30:00+00:00,283.49000000000024,283.90000000000026,282.99000000000024,283.35000000000025,5308
2026-03-27T17:00:00+00:00,283.35000000000025,283.6200000000003,281.60000000000025,281.7000000000003,5757
2026-03-27T17:30:00+00:00,281.7000000000003,282.08000000000027,281.0000000000003,281.44000000000034,5784.803803233887
2026-03-27T18:00:00+00:00,281.44000000000034,282.5200000000003,281.0500000000003,282.3000000000003,5255
2026-03-27T18:30:00+00:00,282.3000000000003,282.75000000000034,282.01000000000033,282.0800000000003,4816
2026-03-27T19:00:00+00:00,282.0800000000003,282.68000000000035,281.76000000000033,281.88000000000034,4127
2026-03-27T19:30:00+00:00,281.88000000000034,282.26000000000033,280.7900000000003,281.12000000000035,6827
2026-03-30T13:30:00+00:00,281.12000000000035,283.4700000000003,280.3400000000003,280.3900000000003,12694
2026-03-30T14:00:00+00:00,280.3900000000003,281.57000000000033,279.8400000000003,280.63000000000034,12932
2026-03-30T14:30:00+00:00,280.63000000000034,281.2800000000003,279.7800000000003,281.26000000000033,10516
2026-03-30T15:00:00+00:00,281.26000000000033,281.5200000000003,279.9900000000003,280.7200000000003,8586
2026-03-30T15:30:00+00:00,280.7200000000003,282.5500000000003,280.6700000000003,281.8900000000003,7973
2026-03-30T16:00:00+00:00,281.8900000000003,282.01000000000033,280.8900000000003,280.9100000000003,7048
2026-03-30T16:30:00+00:00,280.9100000000003,281.38000000000034,280.7400000000003,280.87000000000035,6522
2026-03-30T17:00:00+00:00,280.87000000000035,281.2700000000003,280.3500000000003,280.7300000000003,6987
2026-03-30T17:30:00+00:00,280.7300000000003,281.0500000000003,280.31000000000034,280.6700000000003,7360
2026-03-30T18:00:00+00:00,280.6700000000003,280.87000000000035,279.8500000000003,279.88000000000034,5928
2026-03-30T18:30:00+00:00,279.88000000000034,280.1500000000003,279.50000000000034,279.5500000000003,5549
2026-03-30T19:00:00+00:00,279.5500000000003,279.75000000000034,279.00000000000034,279.13000000000034,6734
2026-03-30T19:30:00+00:00,279.13000000000034,280.8300000000003,278.8600000000003,280.3300000000003,8897
2026-03-31T13:30:00+00:00,280.3300000000003,287.1000000000003,280.3300000000003,286.9700000000003,12443
2026-03-31T14:00:00+00:00,286.9700000000003,288.94000000000034,286.8600000000003,288.7200000000003,12331
2026-03-31T14:30:00+00:00,288.7200000000003,289.12000000000035,287.06000000000034,287.3900000000003,10198
2026-03-31T15:00:00+00:00,287.3900000000003,289.07000000000033,287.3900000000003,288.0900000000003,9339
2026-03-31T15:30:00+00:00,288.0900000000003,288.4900000000003,287.6700000000003,287.7300000000003,8707
2026-03-31T16:00:00+00:00,287.7300000000003,288.9600000000003,287.5500000000003,288.7400000000003,7997
2026-03-31T16:30:00+00:00,288.7400000000003,291.9000000000003,288.2700000000003,291.3500000000003,12326
2026-03-31T17:00:00+00:00,291.3500000000003,294.2800000000003,291.31000000000034,293.1700000000003,12887
2026-03-31T17:30:00+00:00,293.1700000000003,294.3500000000003,292.43000000000035,292.88000000000034,11139
2026-03-31T18:00:00+00:00,292.88000000000034,293.68000000000035,292.8600000000003,293.4000000000003,8511
2026-03-31T18:30:00+00:00,293.4000000000003,293.5800000000003,292.9600000000003,293.31000000000034,7285
2026-03-31T19:00:00+00:00,293.31000000000034,293.8400000000003,292.8000000000003,292.9800000000003,6424
2026-03-31T19:30:00+00:00,292.9800000000003,294.4000000000003,292.81000000000034,294.3000000000003,9561
2026-04-01T13:30:00+00:00,294.3000000000003,301.7200000000003,294.3000000000003,300.9600000000003,16150
2026-04-01T14:00:00+00:00,300.9600000000003,301.95000000000033,300.5300000000003,301.51000000000033,14962
2026-04-01T14:30:00+00:00,301.51000000000033,302.0800000000003,299.94000000000034,301.8500000000003,10619
2026-04-01T15:00:00+00:00,301.8500000000003,302.4600000000003,301.4800000000003,301.76000000000033,8345
2026-04-01T15:30:00+00:00,301.76000000000033,302.93000000000035,301.37000000000035,302.75000000000034,7094
2026-04-01T16:00:00+00:00,302.75000000000034,303.44000000000034,302.2800000000003,302.9100000000003,6040
2026-04-01T16:30:00+00:00,302.9100000000003,304.8600000000003,302.82000000000033,304.5800000000003,5058
2026-04-01T17:00:00+00:00,304.5800000000003,305.31000000000034,304.4900000000003,304.7300000000003,5653
2026-04-01T17:30:00+00:00,304.7300000000003,305.1100000000003,303.75000000000034,303.7700000000003,5863
2026-04-01T18:00:00+00:00,303.7700000000003,303.7900000000003,301.70000000000033,301.9800000000003,9355
2026-04-01T18:30:00+00:00,301.9800000000003,302.13000000000034,301.0900000000003,301.7100000000003,8381
2026-04-01T19:00:00+00:00,301.7100000000003,303.0400000000003,301.4700000000003,302.76000000000033,6107
2026-04-01T19:30:00+00:00,302.76000000000033,302.93000000000035,301.3500000000003,302.32000000000033,8701
2026-04-02T13:30:00+00:00,302.32000000000033,302.32000000000033,294.87000000000035,299.18000000000035,16798
2026-04-02T14:00:00+00:00,299.18000000000035,300.6400000000003,299.0300000000003,299.44000000000034,18500
2026-04-02T14:30:00+00:00,299.44000000000034,303.19000000000034,299.3500000000003,301.4800000000003,14457.847759941244
2026-04-02T15:00:00+00:00,301.4800000000003,301.8300000000003,300.4900000000003,301.3300000000003,12465
2026-04-02T15:30:00+00:00,301.3300000000003,301.6400000000003,300.3600000000003,300.8300000000003,10390
2026-04-02T16:00:00+00:00,300.8300000000003,301.0700000000003,300.3400000000003,300.7700000000003,8545
2026-04-02T16:30:00+00:00,300.7700000000003,301.8900000000003,300.4300000000003,301.5000000000003,7947
2026-04-02T17:00:00+00:00,301.5000000000003,301.9300000000003,301.0000000000003,301.7200000000003,7283
2026-04-02T17:30:00+00:00,301.7200000000003,301.9200000000003,300.6500000000003,301.1600000000003,7734
2026-04-02T18:00:00+00:00,301.1600000000003,301.7200000000003,300.8500000000003,300.8700000000003,7314
2026-04-02T18:30:00+00:00,300.8700000000003,301.4200000000003,300.6600000000003,301.0900000000003,5781
2026-04-02T19:00:00+00:00,301.0900000000003,301.76000000000033,300.6400000000003,300.7300000000003,5544
2026-04-02T19:30:00+00:00,300.7300000000003,301.8900000000003,300.6500000000003,301.8200000000003,6173
2026-04-06T13:30:00+00:00,301.8200000000003,304.6000000000003,301.1700000000003,303.9000000000003,13630
2026-04-06T14:00:00+00:00,303.9000000000003,304.3500000000003,302.4200000000003,304.1300000000003,12769
2026-04-06T14:30:00+00:00,304.1300000000003,304.3200000000003,302.4300000000003,303.1100000000003,13201
2026-04-06T15:00:00+00:00,303.1100000000003,304.0500000000003,302.8400000000003,302.9600000000003,9493
2026-04-06T15:30:00+00:00,302.9600000000003,303.4300000000003,302.5300000000003,303.2300000000003,8140
2026-04-06T16:00:00+00:00,303.2300000000003,304.2700000000003,303.1200000000003,304.1600000000003,6404
2026-04-06T16:30:00+00:00,304.1600000000003,304.9800000000003,304.0200000000003,304.4800000000003,5118
2026-04-06T17:00:00+00:00,304.4800000000003,304.6900000000003,303.3400000000003,304.6000000000003,8535
2026-04-06T17:30:00+00:00,304.6000000000003,304.9600000000003,304.1300000000003,304.1900000000003,7116
2026-04-06T18:00:00+00:00,304.1900000000003,305.8200000000003,303.8500000000003,305.5400000000003,7800
2026-04-06T18:30:00+00:00,305.5400000000003,305.7100000000003,305.2400000000003,305.4800000000003,5107
2026-04-06T19:00:00+00:00,305.4800000000003,305.7800000000003,305.1700000000003,305.2700000000003,3716
2026-04-06T19:30:00+00:00,305.2700000000003,305.4100000000003,304.4800000000003,304.9600000000003,4356
2026-04-07T13:30:00+00:00,304.9600000000003,308.1700000000003,304.0300000000003,304.0300000000003,12779
2026-04-07T14:00:00+00:00,304.0300000000003,305.8400000000003,302.8300000000003,305.8100000000003,10998
2026-04-07T14:30:00+00:00,305.8100000000003,306.6300000000003,305.2300000000003,305.3300000000003,11994
2026-04-07T15:00:00+00:00,305.3300000000003,306.5700000000003,304.4300000000003,306.2900000000003,11902
2026-04-07T15:30:00+00:00,306.2900000000003,307.3400000000003,305.7500000000003,307.3200000000003,7564
2026-04-07T16:00:00+00:00,307.3200000000003,308.7700000000003,307.20000000000033,308.4000000000003,10011
2026-04-07T16:30:00+00:00,308.4000000000003,308.8200000000003,307.9100000000003,308.0900000000003,7348
2026-04-07T17:00:00+00:00,308.0900000000003,308.45000000000033,307.9700000000003,308.2200000000003,6526
2026-04-07T17:30:00+00:00,308.2200000000003,309.7100000000003,307.9800000000003,309.0200000000003,7088
2026-04-07T18:00:00+00:00,309.0200000000003,309.2800000000003,308.4400000000003,308.5300000000003,6229
2026-04-07T18:30:00+00:00,308.5300000000003,308.6100000000003,306.95000000000033,307.1800000000003,6907
2026-04-07T19:00:00+00:00,307.1800000000003,308.8900000000003,306.9400000000003,308.2400000000003,10657
2026-04-07T19:30:00+00:00,308.2400000000003,311.51000000000033,307.9200000000003,311.3300000000003,11454
2026-04-08T13:30:00+00:00,311.3300000000003,326.6200000000003,311.3300000000003,320.4800000000003,15152
2026-04-08T14:00:00+00:00,320.4800000000003,321.95000000000033,320.1600000000003,321.76000000000033,9797
2026-04-08T14:30:00+00:00,321.76000000000033,322.0400000000003,320.1900000000003,320.8200000000003,11270.085918854416
2026-04-08T15:00:00+00:00,320.8200000000003,321.7800000000003,320.65000000000026,321.4100000000003,8194
2026-04-08T15:30:00+00:00,321.4100000000003,323.15000000000026,321.1300000000003,323.0300000000003,6280
2026-04-08T16:00:00+00:00,323.0300000000003,323.5000000000003,322.2900000000003,323.39000000000027,6471
2026-04-08T16:30:00+00:00,323.39000000000027,324.7400000000003,323.1300000000003,324.1000000000003,5499
2026-04-08T17:00:00+00:00,324.1000000000003,324.2900000000003,322.9400000000003,323.02000000000027,4841
2026-04-08T17:30:00+00:00,323.02000000000027,323.40000000000026,322.5300000000003,323.2800000000003,5222
2026-04-08T18:00:00+00:00,323.2800000000003,324.0300000000003,322.7800000000003,323.0000000000003,7608
2026-04-08T18:30:00+00:00,323.0000000000003,323.65000000000026,322.0300000000003,322.1200000000003,6030
2026-04-08T19:00:00+00:00,322.1200000000003,322.9300000000003,321.65000000000026,321.9400000000003,5650
2026-04-08T19:30:00+00:00,321.9400000000003,322.84000000000026,321.2800000000003,322.3200000000003,6748
2026-04-09T13:30:00+00:00,322.3200000000003,322.3200000000003,317.7200000000003,318.2900000000003,10532
2026-04-09T14:00:00+00:00,318.2900000000003,319.1300000000003,317.2900000000003,317.4700000000003,8589
2026-04-09T14:30:00+00:00,317.4700000000003,319.0100000000003,316.8800000000003,319.0000000000003,6658
2026-04-09T15:00:00+00:00,319.0000000000003,321.0100000000003,318.9700000000003,320.64000000000027,5995
2026-04-09T15:30:00+00:00,320.64000000000027,322.89000000000027,320.4400000000003,322.77000000000027,8110
2026-04-09T16:00:00+00:00,322.77000000000027,324.2500000000003,322.6000000000003,323.8100000000003,5962
2026-04-09T16:30:00+00:00,323.8100000000003,324.1100000000003,323.2200000000003,323.8000000000003,4464
2026-04-09T17:00:00+00:00,323.8000000000003,324.8500000000003,323.5100000000003,324.3100000000003,3681
2026-04-09T17:30:00+00:00,324.3100000000003,324.77000000000027,323.65000000000026,324.2900000000003,3837
2026-04-09T18:00:00+00:00,324.2900000000003,324.4200000000003,323.4900000000003,323.6000000000003,5604
2026-04-09T18:30:00+00:00,323.6000000000003,324.0600000000003,323.5000000000003,323.7500000000003,3836
2026-04-09T19:00:00+00:00,323.7500000000003,324.3600000000003,323.6200000000003,323.7800000000003,2487
2026-04-09T19:30:00+00:00,323.7800000000003,324.4800000000003,323.5600000000003,323.9200000000003,3761
2026-04-10T13:30:00+00:00,323.9200000000003,326.8700000000003,323.9200000000003,324.7200000000003,9729
2026-04-10T14:00:00+00:00,324.7200000000003,325.08000000000027,324.0100000000003,324.65000000000026,7356
2026-04-10T14:30:00+00:00,324.65000000000026,324.8000000000003,323.6000000000003,324.45000000000033,6752.031481722388
2026-04-10T15:00:00+00:00,324.45000000000033,325.01000000000033,323.69000000000034,323.75000000000034,6188
2026-04-10T15:30:00+00:00,323.75000000000034,323.99000000000035,322.70000000000033,322.8400000000003,7033
2026-04-10T16:00:00+00:00,322.8400000000003,323.45000000000033,322.74000000000035,323.05000000000035,5571
2026-04-10T16:30:00+00:00,323.05000000000035,323.20000000000033,322.3900000000003,322.7800000000003,4843
2026-04-10T17:00:00+00:00,322.7800000000003,322.81000000000034,322.19000000000034,322.30000000000035,4421
2026-04-10T17:30:00+00:00,322.30000000000035,322.7200000000003,322.1600000000003,322.43000000000035,3869
2026-04-10T18:00:00+00:00,322.43000000000035,322.7800000000003,321.92000000000036,322.4100000000003,3692
2026-04-10T18:30:00+00:00,322.4100000000003,322.7800000000003,322.3300000000003,322.4700000000003,2903
2026-04-10T19:00:00+00:00,322.4700000000003,323.0900000000003,322.45000000000033,322.98000000000036,2472
2026-04-10T19:30:00+00:00,322.98000000000036,323.4600000000003,322.7100000000003,323.30000000000035,4305
2026-04-13T13:30:00+00:00,323.30000000000035,324.18000000000035,321.07000000000033,324.0800000000003,6410
2026-04-13T14:00:00+00:00,324.0800000000003,325.51000000000033,323.12000000000035,323.49000000000035,5799
2026-04-13T14:30:00+00:00,323.49000000000035,324.2800000000003,323.42000000000036,324.12000000000035,4699
2026-04-13T15:00:00+00:00,324.12000000000035,324.57000000000033,323.75000000000034,324.3300000000003,4392
2026-04-13T15:30:00+00:00,324.3300000000003,325.0200000000003,324.06000000000034,324.1500000000003,3665
2026-04-13T16:00:00+00:00,324.1500000000003,324.7200000000003,323.42000000000036,324.57000000000033,5971
2026-04-13T16:30:00+00:00,324.57000000000033,325.49000000000035,324.25000000000034,325.11000000000035,5883
2026-04-13T17:00:00+00:00,325.11000000000035,325.32000000000033,324.49000000000035,325.0900000000003,3284
2026-04-13T17:30:00+00:00,325.0900000000003,325.2700000000003,324.6500000000003,324.6600000000003,3084
2026-04-13T18:00:00+00:00,324.6600000000003,325.0200000000003,324.5400000000003,324.75000000000034,2370
2026-04-13T18:30:00+00:00,324.75000000000034,325.70000000000033,324.7200000000003,325.5400000000003,2539
2026-04-13T19:00:00+00:00,325.5400000000003,325.99000000000035,325.4000000000003,325.7800000000003,2624
2026-04-13T19:30:00+00:00,325.7800000000003,326.82000000000033,325.4600000000003,326.44000000000034,5223
2026-04-14T13:30:00+00:00,326.44000000000034,332.36000000000035,326.44000000000034,331.43000000000035,9353
2026-04-14T14:00:00+00:00,331.43000000000035,333.1600000000003,331.2200000000003,333.13000000000034,5976
2026-04-14T14:30:00+00:00,333.13000000000034,333.94000000000034,332.61000000000035,333.49000000000035,4350
2026-04-14T15:00:00+00:00,333.49000000000035,336.17000000000036,332.9100000000003,335.7900000000003,4657
2026-04-14T15:30:00+00:00,335.7900000000003,337.6000000000003,335.67000000000036,336.92000000000036,4631
2026-04-14T16:00:00+00:00,336.92000000000036,337.7100000000003,336.81000000000034,337.5400000000003,3626
2026-04-14T16:30:00+00:00,337.5400000000003,337.6500000000003,336.81000000000034,337.55000000000035,3563
2026-04-14T17:00:00+00:00,337.55000000000035,337.93000000000035,337.0400000000003,337.5300000000003,2749
2026-04-14T17:30:00+00:00,337.5300000000003,337.76000000000033,337.0900000000003,337.3500000000003,2785
2026-04-14T18:00:00+00:00,337.3500000000003,337.5400000000003,336.4100000000003,336.45000000000033,2918
2026-04-14T18:30:00+00:00,336.45000000000033,336.73000000000036,336.32000000000033,336.44000000000034,2640
2026-04-14T19:00:00+00:00,336.44000000000034,337.0900000000003,336.31000000000034,337.0200000000003,2207
2026-04-14T19:30:00+00:00,337.0200000000003,338.0300000000003,336.5300000000003,337.80000000000035,5414
2026-04-15T13:30:00+00:00,337.80000000000035,338.87000000000035,336.0300000000003,337.68000000000035,8791
2026-04-15T14:00:00+00:00,337.68000000000035,339.56000000000034,337.45000000000033,339.2700000000003,5779
2026-04-15T14:30:00+00:00,339.2700000000003,339.36000000000035,338.2200000000003,338.59000000000043,4599.233952814024
2026-04-15T15:00:00+00:00,338.59000000000043,338.68000000000046,337.46000000000043,337.65000000000043,4546
2026-04-15T15:30:00+00:00,337.65000000000043,338.43000000000046,337.46000000000043,337.9700000000005,3736
2026-04-15T16:00:00+00:00,337.9700000000005,339.82000000000045,337.77000000000044,339.63000000000045,3346
2026-04-15T16:30:00+00:00,339.63000000000045,339.67000000000047,338.61000000000047,338.94000000000045,4762
2026-04-15T17:00:00+00:00,338.94000000000045,340.05000000000047,338.7200000000005,339.90000000000043,2831
2026-04-15T17:30:00+00:00,339.90000000000043,340.4800000000005,339.81000000000046,340.08000000000044,3393
2026-04-15T18:00:00+00:00,340.08000000000044,340.57000000000045,339.80000000000047,339.94000000000045,4192
2026-04-15T18:30:00+00:00,339.94000000000045,342.02000000000044,339.92000000000047,341.65000000000043,3922
2026-04-15T19:00:00+00:00,341.65000000000043,341.68000000000046,340.38000000000045,340.51000000000045,3376
2026-04-15T19:30:00+00:00,340.51000000000045,342.13000000000045,340.33000000000044,341.7300000000005,6392
2026-04-16T13:30:00+00:00,341.7300000000005,344.6000000000005,340.39000000000044,340.7900000000005,9512
2026-04-16T14:00:00+00:00,340.7900000000005,342.24000000000046,340.38000000000045,341.42000000000047,6733
2026-04-16T14:30:00+00:00,341.42000000000047,342.63000000000045,341.21000000000043,341.75000000000045,6139
2026-04-16T15:00:00+00:00,341.75000000000045,342.7800000000004,341.27000000000044,341.2800000000004,4535
2026-04-16T15:30:00+00:00,341.2800000000004,342.24000000000046,341.18000000000046,342.17000000000047,4579
2026-04-16T16:00:00+00:00,342.17000000000047,343.19000000000045,342.15000000000043,342.6000000000005,3301
2026-04-16T16:30:00+00:00,342.6000000000005,342.76000000000045,341.63000000000045,342.21000000000043,4714
2026-04-16T17:00:00+00:00,342.21000000000043,342.2300000000005,340.4800000000005,340.69000000000045,3909
2026-04-16T17:30:00+00:00,340.69000000000045,341.24000000000046,339.63000000000045,339.87000000000046,3468
2026-04-16T18:00:00+00:00,339.87000000000046,340.24000000000046,339.0300000000004,339.5400000000005,4598
2026-04-16T18:30:00+00:00,339.5400000000005,340.1600000000005,339.43000000000046,339.75000000000045,3776
2026-04-16T19:00:00+00:00,339.75000000000045,339.84000000000043,339.2300000000005,339.56000000000046,2872
2026-04-16T19:30:00+00:00,339.56000000000046,340.7200000000005,339.40000000000043,339.82000000000045,4850
2026-04-17T13:30:00+00:00,339.82000000000045,342.87000000000046,339.82000000000045,341.5400000000005,9077
2026-04-17T14:00:00+00:00,341.5400000000005,342.64000000000044,341.43000000000046,341.81000000000046,6408
2026-04-17T14:30:00+00:00,341.81000000000046,342.45000000000044,341.55000000000047,341.7300000000005,5202.1441523118765
2026-04-17T15:00:00+00:00,341.7300000000005,342.92000000000047,341.2900000000005,342.9000000000005,5425
2026-04-17T15:30:00+00:00,342.9000000000005,343.8900000000005,342.6200000000005,342.6400000000005,5204
2026-04-17T16:00:00+00:00,342.6400000000005,343.9700000000005,342.5300000000005,343.7300000000005,4893
2026-04-17T16:30:00+00:00,343.7300000000005,344.6400000000005,343.7300000000005,344.1500000000005,3253
2026-04-17T17:00:00+00:00,344.1500000000005,345.0800000000005,344.0000000000005,344.6800000000005,5377
2026-04-17T17:30:00+00:00,344.6800000000005,345.7200000000005,344.1200000000005,345.55000000000047,4835
2026-04-17T18:00:00+00:00,345.55000000000047,346.92000000000047,345.3500000000005,346.5900000000005,5335
2026-04-17T18:30:00+00:00,346.5900000000005,347.3200000000005,346.2600000000005,346.8200000000005,3520
2026-04-17T19:00:00+00:00,346.8200000000005,347.2800000000005,346.0800000000005,346.3100000000005,3495
2026-04-17T19:30:00+00:00,346.3100000000005,347.3800000000005,346.1200000000005,346.6000000000005,5176
2026-04-20T13:30:00+00:00,346.6000000000005,346.6000000000005,342.80000000000047,345.4800000000005,7271
2026-04-20T14:00:00+00:00,345.4800000000005,345.6500000000005,344.11000000000047,345.0600000000005,5253
2026-04-20T14:30:00+00:00,345.0600000000005,345.1200000000005,343.80000000000047,343.9400000000005,7606
2026-04-20T15:00:00+00:00,343.9400000000005,344.3900000000005,342.0100000000005,344.2400000000005,6191
2026-04-20T15:30:00+00:00,344.2400000000005,344.2600000000005,343.2000000000005,343.5400000000005,3983
2026-04-20T16:00:00+00:00,343.5400000000005,344.5000000000005,343.4400000000005,343.9500000000005,3203
2026-04-20T16:30:00+00:00,343.9500000000005,344.6300000000005,343.9500000000005,344.2100000000005,2788
2026-04-20T17:00:00+00:00,344.2100000000005,344.2400000000005,343.5300000000005,343.61000000000047,2746
2026-04-20T17:30:00+00:00,343.61000000000047,344.2000000000005,343.4300000000005,343.6300000000005,2685
2026-04-20T18:00:00+00:00,343.6300000000005,344.0000000000005,343.4000000000005,343.67000000000047,2881
2026-04-20T18:30:00+00:00,343.67000000000047,344.1200000000005,343.5100000000005,343.7100000000005,2294
2026-04-20T19:00:00+00:00,343.7100000000005,344.0000000000005,343.5000000000005,343.67000000000047,2253
2026-04-20T19:30:00+00:00,343.67000000000047,343.8100000000005,342.3500000000005,342.9800000000005,4754
2026-04-21T13:30:00+00:00,342.9800000000005,344.4900000000005,341.1200000000005,344.1000000000005,6343
2026-04-21T14:00:00+00:00,344.1000000000005,344.5800000000005,343.2500000000005,343.8700000000005,4182
2026-04-21T14:30:00+00:00,343.8700000000005,343.9800000000005,342.2300000000005,342.5200000000005,5637
2026-04-21T15:00:00+00:00,342.5200000000005,343.0200000000005,341.6800000000005,342.4800000000005,7770
2026-04-21T15:30:00+00:00,342.4800000000005,342.7100000000005,341.8900000000005,341.9300000000005,3623
2026-04-21T16:00:00+00:00,341.9300000000005,342.6000000000005,340.4400000000005,340.55000000000047,4033
2026-04-21T16:30:00+00:00,340.55000000000047,341.0800000000005,339.4100000000005,339.4500000000005,3556
2026-04-21T17:00:00+00:00,339.4500000000005,339.9100000000005,338.2000000000005,338.42000000000047,5060
2026-04-21T17:30:00+00:00,338.42000000000047,339.80000000000047,338.3500000000005,338.5400000000005,4349
2026-04-21T18:00:00+00:00,338.5400000000005,339.05000000000047,337.8900000000005,338.1400000000005,3781
2026-04-21T18:30:00+00:00,338.1400000000005,338.9900000000005,337.9100000000005,338.9000000000005,3420
2026-04-21T19:00:00+00:00,338.9000000000005,339.7900000000005,338.7900000000005,339.7500000000005,3065
2026-04-21T19:30:00+00:00,339.7500000000005,339.92000000000047,337.0600000000005,337.9100000000005,5752
2026-04-22T13:30:00+00:00,337.9100000000005,343.0800000000005,337.9100000000005,342.7000000000005,5458
2026-04-22T14:00:00+00:00,342.7000000000005,343.8800000000005,342.2000000000005,343.3100000000005,5451
2026-04-22T14:30:00+00:00,343.3100000000005,344.0400000000005,342.4500000000005,343.1100000000005,7083.526415094339
2026-04-22T15:00:00+00:00,343.1100000000005,343.33000000000055,342.6800000000005,342.77000000000055,4345
2026-04-22T15:30:00+00:00,342.77000000000055,343.09000000000054,342.3600000000005,342.8200000000005,5310
2026-04-22T16:00:00+00:00,342.8200000000005,343.83000000000055,342.23000000000053,342.3000000000005,3727
2026-04-22T16:30:00+00:00,342.3000000000005,342.6200000000005,341.85000000000053,342.21000000000055,5940
2026-04-22T17:00:00+00:00,342.21000000000055,343.02000000000055,342.21000000000055,342.4900000000005,5444
2026-04-22T17:30:00+00:00,342.4900000000005,343.40000000000055,342.4300000000005,343.2500000000005,3124
2026-04-22T18:00:00+00:00,343.2500000000005,344.1100000000005,343.15000000000055,343.6700000000005,3423
2026-04-22T18:30:00+00:00,343.6700000000005,344.0700000000005,343.5000000000005,343.60000000000053,3273
2026-04-22T19:00:00+00:00,343.60000000000053,344.83000000000055,343.52000000000055,344.7500000000005,2907
2026-04-22T19:30:00+00:00,344.7500000000005,345.4400000000005,344.46000000000055,345.1900000000005,3872
2026-04-23T13:30:00+00:00,345.1900000000005,347.3200000000005,344.3800000000005,345.97000000000054,6206
2026-04-23T14:00:00+00:00,345.97000000000054,346.1300000000005,344.52000000000055,345.2500000000005,7043
2026-04-23T14:30:00+00:00,345.2500000000005,346.3100000000005,345.1700000000005,346.01000000000056,4169
2026-04-23T15:00:00+00:00,346.01000000000056,347.58000000000055,346.01000000000056,346.5600000000005,4218
2026-04-23T15:30:00+00:00,346.5600000000005,346.7400000000005,345.21000000000055,345.6800000000005,3870
2026-04-23T16:00:00+00:00,345.6800000000005,346.54000000000053,345.54000000000053,346.39000000000055,2766
2026-04-23T16:30:00+00:00,346.39000000000055,346.5500000000005,345.8600000000005,346.1100000000005,2244
2026-04-23T17:00:00+00:00,346.1100000000005,346.40000000000055,343.8600000000005,343.8700000000005,7203
2026-04-23T17:30:00+00:00,343.8700000000005,345.6900000000005,342.47000000000054,345.4400000000005,8375
2026-04-23T18:00:00+00:00,345.4400000000005,346.8000000000005,345.20000000000056,346.71000000000055,4565
2026-04-23T18:30:00+00:00,346.71000000000055,347.0700000000005,345.46000000000055,345.54000000000053,3409
2026-04-23T19:00:00+00:00,345.54000000000053,345.79000000000053,345.0700000000005,345.58000000000055,3388
2026-04-23T19:30:00+00:00,345.58000000000055,346.08000000000055,344.4300000000005,345.3700000000005,4867
2026-04-24T13:30:00+00:00,345.3700000000005,345.39000000000055,341.4400000000005,344.4900000000005,6363
2026-04-24T14:00:00+00:00,344.4900000000005,345.34000000000054,343.98000000000053,344.03000000000054,6849
2026-04-24T14:30:00+00:00,344.03000000000054,344.3700000000005,342.90000000000055,343.3600000000006,5688.247655259823
2026-04-24T15:00:00+00:00,343.3600000000006,346.57000000000056,342.6200000000006,346.07000000000056,5016
2026-04-24T15:30:00+00:00,346.07000000000056,349.70000000000056,345.6200000000006,348.90000000000055,6796
2026-04-24T16:00:00+00:00,348.90000000000055,351.06000000000057,348.0400000000006,349.0500000000006,4406
2026-04-24T16:30:00+00:00,349.0500000000006,349.7900000000006,348.56000000000057,349.19000000000057,2887
2026-04-24T17:00:00+00:00,349.19000000000057,349.7900000000006,348.4200000000006,348.4800000000006,3102
2026-04-24T17:30:00+00:00,348.4800000000006,349.15000000000055,348.01000000000056,348.84000000000054,3072
2026-04-24T18:00:00+00:00,348.84000000000054,349.69000000000057,348.76000000000056,348.9900000000006,2742
2026-04-24T18:30:00+00:00,348.9900000000006,349.59000000000054,348.89000000000055,349.2400000000006,2799
2026-04-24T19:00:00+00:00,349.2400000000006,349.84000000000054,349.1600000000006,349.6100000000006,3296
2026-04-24T19:30:00+00:00,349.6100000000006,350.3000000000006,349.3600000000006,349.57000000000056,4668
2026-04-27T13:30:00+00:00,349.57000000000056,354.2400000000006,348.1700000000006,353.9300000000006,7457
2026-04-27T14:00:00+00:00,353.9300000000006,356.07000000000056,353.4300000000006,355.90000000000055,6766
2026-04-27T14:30:00+00:00,355.90000000000055,356.9100000000006,354.9900000000006,356.3000000000006,4936
2026-04-27T15:00:00+00:00,356.3000000000006,356.81000000000057,355.1800000000006,355.6000000000006,4552
2026-04-27T15:30:00+00:00,355.6000000000006,356.8000000000006,355.27000000000055,356.7400000000006,3794
2026-04-27T16:00:00+00:00,356.7400000000006,357.02000000000055,356.2400000000006,356.77000000000055,3074
2026-04-27T16:30:00+00:00,356.77000000000055,357.5500000000006,356.58000000000055,356.7300000000006,2887
2026-04-27T17:00:00+00:00,356.7300000000006,357.4200000000006,356.6200000000006,357.32000000000056,3157
2026-04-27T17:30:00+00:00,357.32000000000056,358.26000000000056,357.28000000000054,358.19000000000057,2588
2026-04-27T18:00:00+00:00,358.19000000000057,358.2400000000006,357.4100000000006,357.70000000000056,2153
2026-04-27T18:30:00+00:00,357.70000000000056,358.01000000000056,357.08000000000055,357.45000000000056,2716
2026-04-27T19:00:00+00:00,357.45000000000056,357.81000000000057,357.00000000000057,357.4700000000006,2228
2026-04-27T19:30:00+00:00,357.4700000000006,357.94000000000057,355.6700000000006,356.02000000000055,4144
2026-04-28T13:30:00+00:00,356.02000000000055,356.02000000000055,351.53000000000054,353.90000000000055,7750
2026-04-28T14:00:00+00:00,353.90000000000055,357.19000000000057,353.8700000000006,356.75000000000057,6605
2026-04-28T14:30:00+00:00,356.75000000000057,357.26000000000056,354.9900000000006,355.76000000000056,6875
2026-04-28T15:00:00+00:00,355.76000000000056,356.4700000000006,354.94000000000057,355.84000000000054,6971
2026-04-28T15:30:00+00:00,355.84000000000054,356.02000000000055,354.0400000000006,354.20000000000056,5102
2026-04-28T16:00:00+00:00,354.20000000000056,354.58000000000055,353.4100000000006,354.26000000000056,3756
2026-04-28T16:30:00+00:00,354.26000000000056,354.83000000000055,353.8000000000006,354.53000000000054,3386
2026-04-28T17:00:00+00:00,354.53000000000054,354.63000000000056,353.38000000000056,353.9700000000006,3306
2026-04-28T17:30:00+00:00,353.9700000000006,354.50000000000057,353.88000000000056,354.1800000000006,2530
2026-04-28T18:00:00+00:00,354.1800000000006,355.13000000000056,354.1700000000006,355.00000000000057,2397
2026-04-28T18:30:00+00:00,355.00000000000057,355.00000000000057,354.4900000000006,354.9300000000006,2100
2026-04-28T19:00:00+00:00,354.9300000000006,355.6100000000006,354.78000000000054,355.03000000000054,2508
2026-04-28T19:30:00+00:00,355.03000000000054,355.9800000000006,354.39000000000055,354.8600000000006,3767
2026-04-29T13:30:00+00:00,354.8600000000006,357.1200000000006,349.7300000000006,357.1200000000006,7372
2026-04-29T14:00:00+00:00,357.1200000000006,358.7900000000006,355.9100000000006,358.69000000000057,5955
2026-04-29T14:30:00+00:00,358.69000000000057,360.76000000000056,357.1800000000006,357.2100000000005,6629.151771336554
2026-04-29T15:00:00+00:00,357.2100000000005,358.3600000000005,356.4500000000005,356.8600000000005,5356
2026-04-29T15:30:00+00:00,356.8600000000005,357.8600000000005,355.7400000000005,356.3100000000005,7271
2026-04-29T16:00:00+00:00,356.3100000000005,356.3600000000005,354.3600000000005,354.6100000000005,5004
2026-04-29T16:30:00+00:00,354.6100000000005,354.6100000000005,353.0700000000005,353.4400000000005,4637
2026-04-29T17:00:00+00:00,353.4400000000005,354.8100000000005,352.9500000000005,354.6800000000005,4436
2026-04-29T17:30:00+00:00,354.6800000000005,354.97000000000054,354.4400000000005,354.8200000000005,4295
2026-04-29T18:00:00+00:00,354.8200000000005,355.5200000000005,353.79000000000053,354.6300000000005,6057
2026-04-29T18:30:00+00:00,354.6300000000005,356.6300000000005,354.1900000000005,356.53000000000054,7386
2026-04-29T19:00:00+00:00,356.53000000000054,356.9500000000005,355.9500000000005,356.41000000000054,5332
2026-04-29T19:30:00+00:00,356.41000000000054,356.5600000000005,353.8600000000005,355.5000000000005,7218
2026-04-30T13:30:00+00:00,355.5000000000005,381.5700000000005,355.5000000000005,374.5600000000005,12246
2026-04-30T14:00:00+00:00,374.5600000000005,376.1100000000005,372.47000000000054,373.4600000000005,7630
2026-04-30T14:30:00+00:00,373.4600000000005,377.3000000000005,370.5100000000005,376.66000000000054,6289
2026-04-30T15:00:00+00:00,376.66000000000054,382.5600000000005,376.6200000000005,380.0800000000005,7103
2026-04-30T15:30:00+00:00,380.0800000000005,381.2000000000005,377.4500000000005,378.7100000000005,5634
2026-04-30T16:00:00+00:00,378.7100000000005,382.2500000000005,377.9400000000005,380.6200000000005,3961
2026-04-30T16:30:00+00:00,380.6200000000005,382.4400000000005,380.6200000000005,382.0100000000005,3205
2026-04-30T17:00:00+00:00,382.0100000000005,388.2500000000005,381.9400000000005,388.0100000000005,5221
2026-04-30T17:30:00+00:00,388.0100000000005,388.5800000000005,386.9400000000005,388.5800000000005,3609
2026-04-30T18:00:00+00:00,388.5800000000005,389.73000000000053,387.66000000000054,388.5700000000005,4086
2026-04-30T18:30:00+00:00,388.5700000000005,388.9200000000005,385.4600000000005,385.9000000000005,3925
2026-04-30T19:00:00+00:00,385.9000000000005,387.6100000000005,385.3000000000005,385.7000000000005,4317
2026-04-30T19:30:00+00:00,385.7000000000005,390.0200000000005,385.0500000000005,389.0800000000005,6807
2026-05-01T13:30:00+00:00,389.0800000000005,389.0800000000005,382.5900000000005,388.3600000000005,9474
2026-05-01T14:00:00+00:00,388.3600000000005,390.0800000000005,386.4900000000005,388.8000000000005,8556
2026-05-01T14:30:00+00:00,388.8000000000005,389.29000000000053,385.4500000000005,388.53000000000054,8136.91680931188
2026-05-01T15:00:00+00:00,388.53000000000054,389.53000000000054,387.13000000000056,389.4200000000006,5437
2026-05-01T15:30:00+00:00,389.4200000000006,390.66000000000054,387.57000000000056,387.76000000000056,4998
2026-05-01T16:00:00+00:00,387.76000000000056,389.1200000000006,387.28000000000054,388.31000000000057,4156
2026-05-01T16:30:00+00:00,388.31000000000057,389.4200000000006,387.38000000000056,388.72000000000054,3930
2026-05-01T17:00:00+00:00,388.72000000000054,390.41000000000054,388.6700000000006,390.06000000000057,3093
2026-05-01T17:30:00+00:00,390.06000000000057,390.1700000000006,388.90000000000055,389.25000000000057,3228
2026-05-01T18:00:00+00:00,389.25000000000057,389.6100000000006,388.20000000000056,389.01000000000056,3400
2026-05-01T18:30:00+00:00,389.01000000000056,389.10000000000053,386.46000000000055,387.72000000000054,3883
2026-05-01T19:00:00+00:00,387.72000000000054,390.19000000000057,387.6100000000006,390.10000000000053,4066
2026-05-01T19:30:00+00:00,390.10000000000053,390.88000000000056,389.40000000000055,390.57000000000056,5018
2026-05-04T13:30:00+00:00,390.57000000000056,391.4900000000006,384.88000000000056,386.84000000000054,7161
2026-05-04T14:00:00+00:00,386.84000000000054,388.01000000000056,386.13000000000056,386.27000000000055,5891
2026-05-04T14:30:00+00:00,386.27000000000055,387.7400000000006,385.96000000000055,386.6800000000006,5104
2026-05-04T15:00:00+00:00,386.6800000000006,387.28000000000054,384.20000000000056,385.9300000000006,6860
2026-05-04T15:30:00+00:00,385.9300000000006,388.2300000000006,385.16000000000054,387.6100000000006,5752
2026-05-04T16:00:00+00:00,387.6100000000006,387.72000000000054,385.66000000000054,387.1700000000006,6253
2026-05-04T16:30:00+00:00,387.1700000000006,388.06000000000057,386.47000000000054,387.91000000000054,4093
2026-05-04T17:00:00+00:00,387.91000000000054,388.75000000000057,387.78000000000054,388.3700000000006,4219
2026-05-04T17:30:00+00:00,388.3700000000006,389.2300000000006,387.6800000000006,388.96000000000055,3194
2026-05-04T18:00:00+00:00,388.96000000000055,389.07000000000056,387.8700000000006,388.34000000000054,2914
2026-05-04T18:30:00+00:00,388.34000000000054,388.41000000000054,387.0500000000006,387.26000000000056,2966
2026-05-04T19:00:00+00:00,387.26000000000056,387.5400000000006,386.47000000000054,387.20000000000056,3129
2026-05-04T19:30:00+00:00,387.20000000000056,387.7300000000006,386.46000000000055,387.06000000000057,4383
2026-05-05T13:30:00+00:00,387.06000000000057,396.26000000000056,387.06000000000057,391.63000000000056,7118
2026-05-05T14:00:00+00:00,391.63000000000056,392.6700000000006,390.0500000000006,391.91000000000054,6338
2026-05-05T14:30:00+00:00,391.91000000000054,393.09000000000054,391.0500000000006,391.7400000000006,6336
2026-05-05T15:00:00+00:00,391.7400000000006,392.7300000000006,391.15000000000055,392.41000000000054,4203
2026-05-05T15:30:00+00:00,392.41000000000054,393.3000000000006,390.9800000000006,390.9800000000006,4106
2026-05-05T16:00:00+00:00,390.9800000000006,392.1200000000006,390.8700000000006,390.9900000000006,3792
2026-05-05T16:30:00+00:00,390.9900000000006,391.46000000000055,389.7900000000006,389.89000000000055,3471
2026-05-05T17:00:00+00:00,389.89000000000055,390.10000000000053,387.78000000000054,388.33000000000055,3782
2026-05-05T17:30:00+00:00,388.33000000000055,390.02000000000055,388.10000000000053,389.58000000000055,3489
2026-05-05T18:00:00+00:00,389.58000000000055,390.27000000000055,389.38000000000056,389.57000000000056,3257
2026-05-05T18:30:00+00:00,389.57000000000056,389.9300000000006,389.09000000000054,389.72000000000054,3339
2026-05-05T19:00:00+00:00,389.72000000000054,390.90000000000055,389.59000000000054,390.8000000000006,2304
2026-05-05T19:30:00+00:00,390.8000000000006,391.88000000000056,390.46000000000055,391.76000000000056,4900
2026-05-06T13:30:00+00:00,391.76000000000056,400.7300000000006,391.76000000000056,397.58000000000055,10064
2026-05-06T14:00:00+00:00,397.58000000000055,400.34000000000054,396.64000000000055,397.3000000000006,8188
2026-05-06T14:30:00+00:00,397.3000000000006,401.56000000000057,396.66000000000054,401.5300000000006,6036.954968553459
2026-05-06T15:00:00+00:00,401.5300000000006,401.9700000000006,398.9900000000006,399.81000000000057,5069
2026-05-06T15:30:00+00:00,399.81000000000057,401.5900000000006,399.3000000000006,401.2900000000006,4186
2026-05-06T16:00:00+00:00,401.2900000000006,403.8600000000006,401.0500000000006,403.44000000000057,4465
2026-05-06T16:30:00+00:00,403.44000000000057,403.7200000000006,402.0300000000006,402.3500000000006,3773
2026-05-06T17:00:00+00:00,402.3500000000006,403.6200000000006,401.8400000000006,402.0300000000006,3582
2026-05-06T17:30:00+00:00,402.0300000000006,402.3300000000006,401.14000000000055,401.5200000000006,2913
2026-05-06T18:00:00+00:00,401.5200000000006,401.76000000000056,399.7400000000006,399.81000000000057,2630
2026-05-06T18:30:00+00:00,399.81000000000057,401.3700000000006,399.56000000000057,401.1000000000006,2566
2026-05-06T19:00:00+00:00,401.1000000000006,401.7200000000006,399.1000000000006,399.7300000000006,3387
2026-05-06T19:30:00+00:00,399.7300000000006,403.20000000000056,399.5400000000006,402.76000000000056,6517
2026-05-07T13:30:00+00:00,402.76000000000056,404.57000000000056,400.3400000000006,401.9200000000006,5729
2026-05-07T14:00:00+00:00,401.9200000000006,402.2900000000006,400.3000000000006,401.7700000000006,5887
2026-05-07T14:30:00+00:00,401.7700000000006,401.7800000000006,400.20000000000056,401.50000000000057,4617
2026-05-07T15:00:00+00:00,401.50000000000057,401.94000000000057,400.3000000000006,401.3500000000006,4695
2026-05-07T15:30:00+00:00,401.3500000000006,401.6700000000006,399.8500000000006,399.95000000000056,4363
2026-05-07T16:00:00+00:00,399.95000000000056,400.07000000000056,397.7900000000006,399.4800000000006,5996
2026-05-07T16:30:00+00:00,399.4800000000006,400.1800000000006,399.0500000000006,399.8500000000006,4107
2026-05-07T17:00:00+00:00,399.8500000000006,401.4800000000006,399.2100000000006,400.6100000000006,5425
2026-05-07T17:30:00+00:00,400.6100000000006,401.75000000000057,399.9900000000006,401.4900000000006,4511
2026-05-07T18:00:00+00:00,401.4900000000006,402.3500000000006,400.7700000000006,401.4200000000006,4204
2026-05-07T18:30:00+00:00,401.4200000000006,402.2200000000006,401.00000000000057,401.6200000000006,4409
2026-05-07T19:00:00+00:00,401.6200000000006,401.6200000000006,399.19000000000057,400.75000000000057,4355
2026-05-07T19:30:00+00:00,400.75000000000057,403.0300000000006,399.9600000000006,402.75000000000057,5129
2026-05-08T13:30:00+00:00,402.75000000000057,405.1000000000006,401.1000000000006,403.8600000000006,6370
2026-05-08T14:00:00+00:00,403.8600000000006,405.4800000000006,403.31000000000057,403.82000000000056,5972
2026-05-08T14:30:00+00:00,403.82000000000056,405.0300000000006,403.00000000000057,403.9200000000005,4141.84582003829
2026-05-08T15:00:00+00:00,403.9200000000005,403.97000000000054,402.6800000000005,403.48000000000053,4371
2026-05-08T15:30:00+00:00,403.48000000000053,403.6700000000005,402.5000000000005,402.98000000000053,3837
2026-05-08T16:00:00+00:00,402.98000000000053,403.6300000000005,402.5000000000005,402.76000000000056,2884
2026-05-08T16:30:00+00:00,402.76000000000056,403.07000000000056,401.4900000000005,401.5600000000005,3308
2026-05-08T17:00:00+00:00,401.5600000000005,402.2500000000005,401.2400000000005,401.95000000000056,3449
2026-05-08T17:30:00+00:00,401.95000000000056,402.9900000000005,401.78000000000054,402.7500000000005,2820
2026-05-08T18:00:00+00:00,402.7500000000005,403.5600000000005,402.73000000000053,403.4300000000005,2457
2026-05-08T18:30:00+00:00,403.4300000000005,403.7500000000005,402.6300000000005,403.2500000000005,2909
2026-05-08T19:00:00+00:00,403.2500000000005,403.6200000000005,402.98000000000053,403.34000000000054,3568
2026-05-08T19:30:00+00:00,403.34000000000054,405.7500000000005,403.26000000000056,404.57000000000056,5551
2026-05-11T13:30:00+00:00,404.57000000000056,404.57000000000056,396.21000000000055,400.34000000000054,6885
2026-05-11T14:00:00+00:00,400.34000000000054,400.57000000000056,397.29000000000053,397.3100000000005,5045
2026-05-11T14:30:00+00:00,397.3100000000005,399.22000000000054,396.5000000000005,398.1900000000005,5550
2026-05-11T15:00:00+00:00,398.1900000000005,398.54000000000053,397.34000000000054,397.8700000000005,4213
2026-05-11T15:30:00+00:00,397.8700000000005,399.1100000000005,397.6900000000005,398.8000000000005,3770
2026-05-11T16:00:00+00:00,398.8000000000005,398.97000000000054,397.9400000000005,398.35000000000053,3442
2026-05-11T16:30:00+00:00,398.35000000000053,398.82000000000056,397.66000000000054,397.71000000000055,3635
2026-05-11T17:00:00+00:00,397.71000000000055,398.04000000000053,396.52000000000055,397.3600000000005,3222
2026-05-11T17:30:00+00:00,397.3600000000005,398.09000000000054,396.6700000000005,397.07000000000056,2809
2026-05-11T18:00:00+00:00,397.07000000000056,397.4200000000005,396.59000000000054,396.66000000000054,2500
2026-05-11T18:30:00+00:00,396.66000000000054,396.66000000000054,394.8800000000005,394.8800000000005,3196
2026-05-11T19:00:00+00:00,394.8800000000005,395.4400000000005,394.3700000000005,395.1700000000005,4468
2026-05-11T19:30:00+00:00,395.1700000000005,395.5500000000005,393.7500000000005,394.1900000000005,6588
2026-05-12T13:30:00+00:00,394.1900000000005,394.1900000000005,390.28000000000054,391.47000000000054,8503
2026-05-12T14:00:00+00:00,391.47000000000054,392.3000000000005,389.54000000000053,391.26000000000056,7925
2026-05-12T14:30:00+00:00,391.26000000000056,392.35000000000053,390.78000000000054,392.01000000000056,5931
2026-05-12T15:00:00+00:00,392.01000000000056,392.8800000000005,391.3800000000005,392.5000000000005,6891
2026-05-12T15:30:00+00:00,392.5000000000005,393.20000000000056,391.23000000000053,391.2400000000005,5120
2026-05-12T16:00:00+00:00,391.2400000000005,392.1100000000005,390.02000000000055,390.58000000000055,3925
2026-05-12T16:30:00+00:00,390.58000000000055,390.66000000000054,387.98000000000053,388.02000000000055,4390
2026-05-12T17:00:00+00:00,388.02000000000055,389.3700000000005,387.1700000000005,388.60000000000053,5452
2026-05-12T17:30:00+00:00,388.60000000000053,389.32000000000056,388.29000000000053,388.97000000000054,3377
2026-05-12T18:00:00+00:00,388.97000000000054,390.4300000000005,388.8000000000005,390.07000000000056,3585
2026-05-12T18:30:00+00:00,390.07000000000056,390.20000000000056,388.59000000000054,389.1100000000005,3472
2026-05-12T19:00:00+00:00,389.1100000000005,390.57000000000056,388.6800000000005,390.47000000000054,3500
2026-05-12T19:30:00+00:00,390.47000000000054,391.84000000000054,390.09000000000054,391.5600000000005,6314
2026-05-13T13:30:00+00:00,391.5600000000005,395.22000000000054,388.6900000000005,394.98000000000053,7296
2026-05-13T14:00:00+00:00,394.98000000000053,399.07000000000056,394.95000000000056,398.46000000000055,8963
2026-05-13T14:30:00+00:00,398.46000000000055,400.5500000000005,397.1300000000005,400.23000000000053,5985.456111874142
2026-05-13T15:00:00+00:00,400.23000000000053,401.5600000000005,400.1100000000005,401.3700000000005,4767
2026-05-13T15:30:00+00:00,401.3700000000005,402.0800000000005,400.7700000000005,401.3100000000005,4385
2026-05-13T16:00:00+00:00,401.3100000000005,403.98000000000053,401.28000000000054,403.60000000000053,3704
2026-05-13T16:30:00+00:00,403.60000000000053,404.47000000000054,403.0800000000005,404.4400000000005,3853
2026-05-13T17:00:00+00:00,404.4400000000005,405.6800000000005,404.3700000000005,405.0600000000005,3679
2026-05-13T17:30:00+00:00,405.0600000000005,405.8900000000005,404.73000000000053,405.3100000000005,3514
2026-05-13T18:00:00+00:00,405.3100000000005,407.28000000000054,405.2700000000005,407.1500000000005,3588
2026-05-13T18:30:00+00:00,407.1500000000005,407.4200000000005,405.16000000000054,405.2000000000005,3687
2026-05-13T19:00:00+00:00,405.2000000000005,406.7100000000005,405.1900000000005,406.6700000000005,2941
2026-05-13T19:30:00+00:00,406.6700000000005,407.0600000000005,405.5200000000005,406.8000000000005,5487
2026-05-14T13:30:00+00:00,406.8000000000005,406.8000000000005,400.5600000000005,402.1300000000005,8294
2026-05-14T14:00:00+00:00,402.1300000000005,402.84000000000054,400.2100000000005,400.4500000000005,7196
2026-05-14T14:30:00+00:00,400.4500000000005,402.3100000000005,400.2500000000005,401.85000000000053,6178
2026-05-14T15:00:00+00:00,401.85000000000053,402.9300000000005,401.5100000000005,402.3300000000005,4089
2026-05-14T15:30:00+00:00,402.3300000000005,405.8200000000005,402.2400000000005,405.7500000000005,4272
2026-05-14T16:00:00+00:00,405.7500000000005,406.3200000000005,403.6800000000005,403.79000000000053,3929
2026-05-14T16:30:00+00:00,403.79000000000053,404.6100000000005,402.8600000000005,404.2700000000005,3801
2026-05-14T17:00:00+00:00,404.2700000000005,405.0800000000005,402.85000000000053,404.85000000000053,6505
2026-05-14T17:30:00+00:00,404.85000000000053,406.59000000000054,404.4200000000005,405.9000000000005,5853
2026-05-14T18:00:00+00:00,405.9000000000005,405.9300000000005,403.1400000000005,403.5200000000005,3653
2026-05-14T18:30:00+00:00,403.5200000000005,404.29000000000053,403.3000000000005,404.04000000000053,2987
2026-05-14T19:00:00+00:00,404.04000000000053,404.8300000000005,404.0000000000005,404.53000000000054,4522
2026-05-14T19:30:00+00:00,404.53000000000054,404.9000000000005,403.5100000000005,404.9000000000005,5289
2026-05-15T13:30:00+00:00,404.9000000000005,404.9000000000005,397.1100000000005,401.5600000000005,9556
2026-05-15T14:00:00+00:00,401.5600000000005,403.29000000000053,400.9300000000005,402.0100000000005,9306
2026-05-15T14:30:00+00:00,402.0100000000005,402.6200000000005,400.3900000000005,401.9200000000005,6541.245325355273
2026-05-15T15:00:00+00:00,401.9200000000005,402.4400000000005,400.46000000000055,400.8700000000005,6114
2026-05-15T15:30:00+00:00,400.8700000000005,401.5000000000005,398.52000000000055,399.90000000000055,6162
2026-05-15T16:00:00+00:00,399.90000000000055,400.89000000000055,399.4200000000005,400.66000000000054,3999
2026-05-15T16:30:00+00:00,400.66000000000054,400.98000000000053,399.47000000000054,399.64000000000055,4713
2026-05-15T17:00:00+00:00,399.64000000000055,401.27000000000055,399.48000000000053,401.1100000000005,3531
2026-05-15T17:30:00+00:00,401.1100000000005,401.7400000000005,400.16000000000054,400.46000000000055,4876
2026-05-15T18:00:00+00:00,400.46000000000055,401.1300000000005,399.26000000000056,399.46000000000055,4828
2026-05-15T18:30:00+00:00,399.46000000000055,400.3000000000005,398.77000000000055,400.1900000000005,3635
2026-05-15T19:00:00+00:00,400.1900000000005,400.27000000000055,399.4200000000005,399.71000000000055,2918
2026-05-15T19:30:00+00:00,399.71000000000055,400.90000000000055,399.2500000000005,400.90000000000055,5448
2026-05-18T13:30:00+00:00,400.90000000000055,409.73000000000053,398.03000000000054,409.16000000000054,8077
2026-05-18T14:00:00+00:00,409.16000000000054,411.8200000000005,407.46000000000055,409.2500000000005,8330
2026-05-18T14:30:00+00:00,409.2500000000005,409.8800000000005,405.20000000000056,407.73000000000053,6503
2026-05-18T15:00:00+00:00,407.73000000000053,408.28000000000054,405.6200000000005,405.6300000000005,5750
2026-05-18T15:30:00+00:00,405.6300000000005,407.48000000000053,404.9300000000005,405.0600000000005,4070
2026-05-18T16:00:00+00:00,405.0600000000005,406.1800000000005,403.8600000000005,404.09000000000054,4538
2026-05-18T16:30:00+00:00,404.09000000000054,405.84000000000054,403.54000000000053,405.48000000000053,4015
2026-05-18T17:00:00+00:00,405.48000000000053,406.71000000000055,404.9300000000005,405.8000000000005,3639
2026-05-18T17:30:00+00:00,405.8000000000005,405.8700000000005,404.5500000000005,405.1800000000005,3193
2026-05-18T18:00:00+00:00,405.1800000000005,405.1800000000005,402.0500000000005,402.3700000000005,4611
2026-05-18T18:30:00+00:00,402.3700000000005,402.6200000000005,400.54000000000053,400.54000000000053,4184
2026-05-18T19:00:00+00:00,400.54000000000053,403.14000000000055,400.4200000000005,400.83000000000055,5063
2026-05-18T19:30:00+00:00,400.83000000000055,401.8000000000005,399.52000000000055,400.8100000000005,5613
2026-05-19T13:30:00+00:00,400.8100000000005,400.8100000000005,391.45000000000056,394.6200000000005,8122
2026-05-19T14:00:00+00:00,394.6200000000005,397.26000000000056,391.9300000000005,393.95000000000056,7835
2026-05-19T14:30:00+00:00,393.95000000000056,395.4400000000005,392.0600000000005,393.4200000000005,6132
2026-05-19T15:00:00+00:00,393.4200000000005,393.8800000000005,390.8200000000005,391.20000000000056,5087
2026-05-19T15:30:00+00:00,391.20000000000056,392.6800000000005,390.8200000000005,391.14000000000055,4671
2026-05-19T16:00:00+00:00,391.14000000000055,392.4900000000005,390.4200000000005,392.2400000000005,4379
2026-05-19T16:30:00+00:00,392.2400000000005,394.34000000000054,391.53000000000054,394.09000000000054,3929
2026-05-19T17:00:00+00:00,394.09000000000054,397.6700000000005,393.8200000000005,395.51000000000056,5109
2026-05-19T17:30:00+00:00,395.51000000000056,396.03000000000054,393.6700000000005,395.47000000000054,4272
2026-05-19T18:00:00+00:00,395.47000000000054,395.72000000000054,393.83000000000055,394.03000000000054,4405
2026-05-19T18:30:00+00:00,394.03000000000054,394.21000000000055,392.4300000000005,392.9400000000005,3966
2026-05-19T19:00:00+00:00,392.9400000000005,394.1700000000005,392.52000000000055,393.59000000000054,4620
2026-05-19T19:30:00+00:00,393.59000000000054,393.6800000000005,391.2500000000005,392.52000000000055,5991
2026-05-20T13:30:00+00:00,392.52000000000055,398.0000000000005,389.79000000000053,391.28000000000054,14330
2026-05-20T14:00:00+00:00,391.28000000000054,391.4200000000005,387.4200000000005,389.4400000000005,12968
2026-05-20T14:30:00+00:00,389.4400000000005,390.1800000000005,388.54000000000053,389.81000000000057,8184.49970845481
2026-05-20T15:00:00+00:00,389.81000000000057,391.08000000000055,388.6000000000006,388.65000000000055,9064
2026-05-20T15:30:00+00:00,388.65000000000055,391.5500000000006,388.5500000000006,390.7200000000006,6342
2026-05-20T16:00:00+00:00,390.7200000000006,391.21000000000055,389.20000000000056,389.6700000000006,6693
2026-05-20T16:30:00+00:00,389.6700000000006,389.95000000000056,388.88000000000056,389.45000000000056,5717
2026-05-20T17:00:00+00:00,389.45000000000056,389.8500000000006,388.50000000000057,389.5900000000006,4662
2026-05-20T17:30:00+00:00,389.5900000000006,390.0900000000006,388.7300000000006,389.8400000000006,4395
2026-05-20T18:00:00+00:00,389.8400000000006,391.1700000000006,389.4100000000006,390.64000000000055,4925
2026-05-20T18:30:00+00:00,390.64000000000055,391.7300000000006,390.21000000000055,391.4300000000006,3355
2026-05-20T19:00:00+00:00,391.4300000000006,391.8600000000006,390.4300000000006,391.5300000000006,3880
2026-05-20T19:30:00+00:00,391.5300000000006,392.81000000000057,391.20000000000056,392.3400000000006,5853
2026-05-21T13:30:00+00:00,392.3400000000006,392.3400000000006,386.95000000000056,389.4200000000006,9133
2026-05-21T14:00:00+00:00,389.4200000000006,390.20000000000056,387.00000000000057,390.15000000000055,8785
2026-05-21T14:30:00+00:00,390.15000000000055,392.89000000000055,390.06000000000057,392.25000000000057,7589
2026-05-21T15:00:00+00:00,392.25000000000057,393.0500000000006,391.4100000000006,392.7900000000006,5213
2026-05-21T15:30:00+00:00,392.7900000000006,394.14000000000055,392.50000000000057,393.1000000000006,4822
2026-05-21T16:00:00+00:00,393.1000000000006,393.81000000000057,392.40000000000055,392.6000000000006,3668
2026-05-21T16:30:00+00:00,392.6000000000006,392.82000000000056,391.0500000000006,391.7200000000006,3367
2026-05-21T17:00:00+00:00,391.7200000000006,394.6000000000006,391.65000000000055,393.9300000000006,6252
2026-05-21T17:30:00+00:00,393.9300000000006,396.13000000000056,393.50000000000057,395.4700000000006,5089
2026-05-21T18:00:00+00:00,395.4700000000006,395.6100000000006,393.4200000000006,394.02000000000055,4310
2026-05-21T18:30:00+00:00,394.02000000000055,394.45000000000056,391.71000000000055,392.2400000000006,6334
2026-05-21T19:00:00+00:00,392.2400000000006,392.6100000000006,391.5300000000006,392.5300000000006,3745
2026-05-21T19:30:00+00:00,392.5300000000006,392.88000000000056,389.2400000000006,390.8500000000006,5460
2026-05-22T13:30:00+00:00,390.8500000000006,390.8500000000006,388.1000000000006,389.77000000000055,7301
2026-05-22T14:00:00+00:00,389.77000000000055,390.7400000000006,387.8000000000006,390.52000000000055,5829
2026-05-22T14:30:00+00:00,390.52000000000055,391.50000000000057,389.6600000000006,391.3700000000006,4679.2806971904265
2026-05-22T15:00:00+00:00,391.3700000000006,392.3500000000006,390.1600000000006,390.6600000000006,3599
2026-05-22T15:30:00+00:00,390.6600000000006,391.1200000000006,390.3400000000006,390.57000000000056,2902
2026-05-22T16:00:00+00:00,390.57000000000056,390.7400000000006,389.3700000000006,389.6200000000006,4568
2026-05-22T16:30:00+00:00,389.6200000000006,389.8700000000006,389.0300000000006,389.70000000000056,4007
2026-05-22T17:00:00+00:00,389.70000000000056,389.9800000000006,388.7100000000006,389.7400000000006,3422
2026-05-22T17:30:00+00:00,389.7400000000006,390.06000000000057,388.50000000000057,388.51000000000056,2722
2026-05-22T18:00:00+00:00,388.51000000000056,388.6700000000006,387.8500000000006,388.0300000000006,2206
2026-05-22T18:30:00+00:00,388.0300000000006,388.7900000000006,387.9300000000006,388.3000000000006,2406
2026-05-22T19:00:00+00:00,388.3000000000006,388.6800000000006,386.4300000000006,386.50000000000057,3634
2026-05-22T19:30:00+00:00,386.50000000000057,387.19000000000057,385.7400000000006,387.01000000000056,3772
2026-05-26T13:30:00+00:00,387.01000000000056,390.8500000000006,386.6000000000006,390.8500000000006,6951
2026-05-26T14:00:00+00:00,390.8500000000006,391.88000000000056,390.1600000000006,390.9200000000006,5375
2026-05-26T14:30:00+00:00,390.9200000000006,391.70000000000056,389.44000000000057,391.70000000000056,5800
2026-05-26T15:00:00+00:00,391.70000000000056,392.8600000000006,389.39000000000055,389.6100000000006,7275
2026-05-26T15:30:00+00:00,389.6100000000006,390.6600000000006,389.25000000000057,390.0500000000006,6269
2026-05-26T16:00:00+00:00,390.0500000000006,390.76000000000056,389.4000000000006,390.3000000000006,3780
2026-05-26T16:30:00+00:00,390.3000000000006,390.7800000000006,389.6000000000006,390.00000000000057,3052
2026-05-26T17:00:00+00:00,390.00000000000057,390.3000000000006,388.7900000000006,389.3600000000006,3308
2026-05-26T17:30:00+00:00,389.3600000000006,390.4800000000006,389.19000000000057,390.1700000000006,2628
2026-05-26T18:00:00+00:00,390.1700000000006,390.76000000000056,389.5400000000006,390.0800000000006,2594
2026-05-26T18:30:00+00:00,390.0800000000006,390.4000000000006,389.2800000000006,389.44000000000057,2963
2026-05-26T19:00:00+00:00,389.44000000000057,390.7200000000006,389.4000000000006,390.6700000000006,2533
2026-05-26T19:30:00+00:00,390.6700000000006,392.4700000000006,390.57000000000056,392.2100000000006,4797
2026-05-27T13:30:00+00:00,392.2100000000006,394.25000000000057,388.9000000000006,393.8700000000006,8426
2026-05-27T14:00:00+00:00,393.8700000000006,396.3700000000006,393.2900000000006,395.1000000000006,7399
2026-05-27T14:30:00+00:00,395.1000000000006,395.81000000000057,394.0400000000006,394.5700000000006,5885.975074183976
2026-05-27T15:00:00+00:00,394.5700000000006,395.6800000000006,394.0300000000006,395.4400000000006,5426
2026-05-27T15:30:00+00:00,395.4400000000006,395.5600000000006,394.4600000000006,394.7200000000006,4445
2026-05-27T16:00:00+00:00,394.7200000000006,394.9400000000006,393.5400000000006,394.8000000000006,3687
2026-05-27T16:30:00+00:00,394.8000000000006,397.1700000000006,394.7200000000006,395.2700000000006,3903
2026-05-27T17:00:00+00:00,395.2700000000006,395.3900000000006,393.9100000000006,393.9500000000006,3013
2026-05-27T17:30:00+00:00,393.9500000000006,395.7700000000006,393.9100000000006,395.4700000000006,3222
2026-05-27T18:00:00+00:00,395.4700000000006,396.2600000000006,394.7100000000006,395.9400000000006,3843
2026-05-27T18:30:00+00:00,395.9400000000006,396.0300000000006,393.7200000000006,394.2400000000006,3402
2026-05-27T19:00:00+00:00,394.2400000000006,395.0300000000006,393.6800000000006,393.9700000000006,2601
2026-05-27T19:30:00+00:00,393.9700000000006,394.1700000000006,391.8300000000006,392.3900000000006,5325
2026-05-28T13:30:00+00:00,392.3900000000006,392.3900000000006,388.7800000000006,390.8100000000006,6392
2026-05-28T14:00:00+00:00,390.8100000000006,393.8900000000006,389.5400000000006,393.1900000000006,6161
2026-05-28T14:30:00+00:00,393.1900000000006,393.4400000000006,392.1000000000006,392.7100000000006,4057
2026-05-28T15:00:00+00:00,392.7100000000006,394.8800000000006,392.5600000000006,393.1700000000006,4797
2026-05-28T15:30:00+00:00,393.1700000000006,394.2700000000006,393.0900000000006,393.7100000000006,2601
2026-05-28T16:00:00+00:00,393.7100000000006,394.0200000000006,392.9800000000006,393.1600000000006,2504
2026-05-28T16:30:00+00:00,393.1600000000006,393.2200000000006,391.6500000000006,392.4000000000006,2404
2026-05-28T17:00:00+00:00,392.4000000000006,393.7800000000006,392.1400000000006,393.4300000000006,2639
2026-05-28T17:30:00+00:00,393.4300000000006,394.5700000000006,393.0200000000006,393.2200000000006,4261
2026-05-28T18:00:00+00:00,393.2200000000006,394.4500000000006,392.7200000000006,393.8900000000006,2930
2026-05-28T18:30:00+00:00,393.8900000000006,394.8100000000006,393.7000000000006,393.8600000000006,3242
2026-05-28T19:00:00+00:00,393.8600000000006,394.5900000000006,393.7700000000006,394.4800000000006,2172
2026-05-28T19:30:00+00:00,394.4800000000006,395.3300000000006,392.6700000000006,393.6700000000006,4649
2026-05-29T13:30:00+00:00,393.6700000000006,393.6700000000006,384.0500000000006,388.9400000000006,7678
2026-05-29T14:00:00+00:00,388.9400000000006,389.1300000000006,386.2800000000006,387.4400000000006,5857
2026-05-29T14:30:00+00:00,387.4400000000006,387.5300000000006,384.7300000000006,386.53000000000054,5990.716515130955
2026-05-29T15:00:00+00:00,386.53000000000054,387.90000000000055,386.14000000000055,387.3600000000005,4097
2026-05-29T15:30:00+00:00,387.3600000000005,387.77000000000055,386.54000000000053,386.70000000000056,3305
2026-05-29T16:00:00+00:00,386.70000000000056,387.83000000000055,386.46000000000055,387.1900000000005,2856
2026-05-29T16:30:00+00:00,387.1900000000005,387.6200000000005,386.3100000000005,386.7400000000005,3370
2026-05-29T17:00:00+00:00,386.7400000000005,386.97000000000054,385.9200000000005,386.60000000000053,2477
2026-05-29T17:30:00+00:00,386.60000000000053,387.40000000000055,386.41000000000054,386.4200000000005,2693
2026-05-29T18:00:00+00:00,386.4200000000005,387.52000000000055,386.14000000000055,387.01000000000056,2153
2026-05-29T18:30:00+00:00,387.01000000000056,387.20000000000056,385.5500000000005,385.73000000000053,2561
2026-05-29T19:00:00+00:00,385.73000000000053,386.57000000000056,385.54000000000053,386.3600000000005,2339
2026-05-29T19:30:00+00:00,386.3600000000005,386.90000000000055,381.84000000000054,383.9300000000005,6747
2026-06-01T13:30:00+00:00,383.9300000000005,383.9300000000005,377.2500000000005,378.4300000000005,6184
2026-06-01T14:00:00+00:00,378.4300000000005,380.2400000000005,378.14000000000055,379.54000000000053,6236
2026-06-01T14:30:00+00:00,379.54000000000053,380.7500000000005,379.41000000000054,380.1700000000005,5112
2026-06-01T15:00:00+00:00,380.1700000000005,381.29000000000053,378.71000000000055,379.2500000000005,4944
2026-06-01T15:30:00+00:00,379.2500000000005,380.09000000000054,378.34000000000054,378.95000000000056,4805
2026-06-01T16:00:00+00:00,378.95000000000056,379.3000000000005,378.2500000000005,378.54000000000053,3123
2026-06-01T16:30:00+00:00,378.54000000000053,379.71000000000055,378.40000000000055,379.58000000000055,2971
2026-06-01T17:00:00+00:00,379.58000000000055,381.5600000000005,379.26000000000056,381.4400000000005,3145
2026-06-01T17:30:00+00:00,381.4400000000005,382.0000000000005,379.09000000000054,379.8000000000005,5370
2026-06-01T18:00:00+00:00,379.8000000000005,381.04000000000053,379.46000000000055,380.84000000000054,3808
2026-06-01T18:30:00+00:00,380.84000000000054,381.4900000000005,380.54000000000053,381.34000000000054,2523
2026-06-01T19:00:00+00:00,381.34000000000054,381.9400000000005,381.08000000000055,381.9300000000005,2582
2026-06-01T19:30:00+00:00,381.9300000000005,382.10000000000053,379.59000000000054,379.90000000000055,5407
2026-06-02T13:30:00+00:00,379.90000000000055,379.90000000000055,362.54000000000053,367.78000000000054,10441
2026-06-02T14:00:00+00:00,367.78000000000054,374.82000000000056,367.38000000000056,374.4900000000005,8675
2026-06-02T14:30:00+00:00,374.4900000000005,377.26000000000056,374.21000000000055,376.58000000000055,6002
2026-06-02T15:00:00+00:00,376.58000000000055,376.79000000000053,373.35000000000053,373.6800000000005,5102
2026-06-02T15:30:00+00:00,373.6800000000005,373.72000000000054,370.54000000000053,370.60000000000053,4408
2026-06-02T16:00:00+00:00,370.60000000000053,371.9300000000005,370.21000000000055,371.3000000000005,3834
2026-06-02T16:30:00+00:00,371.3000000000005,372.89000000000055,370.79000000000053,371.97000000000054,3194
2026-06-02T17:00:00+00:00,371.97000000000054,372.4200000000005,371.04000000000053,371.46000000000055,3180
2026-06-02T17:30:00+00:00,371.46000000000055,372.41000000000054,371.04000000000053,371.04000000000053,3149
2026-06-02T18:00:00+00:00,371.04000000000053,371.2400000000005,368.57000000000056,368.6800000000005,3249
2026-06-02T18:30:00+00:00,368.6800000000005,369.6900000000005,368.2500000000005,368.39000000000055,3776
2026-06-02T19:00:00+00:00,368.39000000000055,368.85000000000053,367.9400000000005,368.0000000000005,2782
2026-06-02T19:30:00+00:00,368.0000000000005,368.3100000000005,365.35000000000053,365.91000000000054,5680
2026-06-03T13:30:00+00:00,365.91000000000054,370.02000000000055,364.5500000000005,367.6700000000005,11484
2026-06-03T14:00:00+00:00,367.6700000000005,369.57000000000056,364.6900000000005,364.98000000000053,9175
2026-06-03T14:30:00+00:00,364.98000000000053,367.63000000000056,364.4300000000005,365.09000000000054,5767.7120959680105
2026-06-03T15:00:00+00:00,365.09000000000054,365.3200000000005,362.2600000000005,363.3900000000005,5555
2026-06-03T15:30:00+00:00,363.3900000000005,364.1100000000005,362.66000000000054,363.41000000000054,5079
2026-06-03T16:00:00+00:00,363.41000000000054,364.8600000000005,362.3600000000005,362.91000000000054,4835
2026-06-03T16:30:00+00:00,362.91000000000054,365.4200000000005,362.8700000000005,365.0700000000005,4767
2026-06-03T17:00:00+00:00,365.0700000000005,366.1900000000005,364.2100000000005,365.40000000000055,4409
2026-06-03T17:30:00+00:00,365.40000000000055,365.8200000000005,363.8600000000005,364.3300000000005,3700
2026-06-03T18:00:00+00:00,364.3300000000005,364.47000000000054,363.0600000000005,363.4600000000005,4613
2026-06-03T18:30:00+00:00,363.4600000000005,365.3600000000005,363.4400000000005,364.5000000000005,5245
2026-06-03T19:00:00+00:00,364.5000000000005,364.5700000000005,363.28000000000054,364.0200000000005,4814
2026-06-03T19:30:00+00:00,364.0200000000005,364.1100000000005,361.91000000000054,363.6100000000005,6261
2026-06-04T13:30:00+00:00,363.6100000000005,371.48000000000053,361.97000000000054,370.1400000000005,8059
2026-06-04T14:00:00+00:00,370.1400000000005,372.9900000000005,368.6300000000005,372.5800000000005,7934
2026-06-04T14:30:00+00:00,372.5800000000005,373.2100000000005,371.5600000000005,372.8600000000005,5717
2026-06-04T15:00:00+00:00,372.8600000000005,375.3900000000005,371.66000000000054,375.28000000000054,5573
2026-06-04T15:30:00+00:00,375.28000000000054,375.28000000000054,372.6700000000005,374.3700000000005,5759
2026-06-04T16:00:00+00:00,374.3700000000005,376.90000000000055,373.9600000000005,375.79000000000053,5179
2026-06-04T16:30:00+00:00,375.79000000000053,376.4600000000005,374.7100000000005,375.9300000000005,4428
2026-06-04T17:00:00+00:00,375.9300000000005,377.2500000000005,375.41000000000054,377.1900000000005,4452
2026-06-04T17:30:00+00:00,377.1900000000005,377.29000000000053,375.7400000000005,376.9400000000005,3656
2026-06-04T18:00:00+00:00,376.9400000000005,377.3800000000005,375.29000000000053,376.9300000000005,4158
2026-06-04T18:30:00+00:00,376.9300000000005,377.16000000000054,376.0700000000005,376.1700000000005,4235
2026-06-04T19:00:00+00:00,376.1700000000005,376.3100000000005,374.5800000000005,375.2700000000005,3863
2026-06-04T19:30:00+00:00,375.2700000000005,377.35000000000053,375.1100000000005,377.1400000000005,6204
2026-06-05T13:30:00+00:00,377.1400000000005,377.1400000000005,369.3100000000005,374.48000000000053,12013
2026-06-05T14:00:00+00:00,374.48000000000053,376.1000000000005,373.2500000000006,374.7300000000007,7532.062676756515
2026-06-05T14:30:00+00:00,374.7300000000007,375.0900000000006,372.5900000000006,374.94000000000057,6274.491636747061
2026-06-05T15:00:00+00:00,374.94000000000057,375.1100000000004,373.23000000000053,374.67000000000047,6147.128036189051
2026-06-05T15:30:00+00:00,374.67000000000047,375.84000000000043,373.55000000000047,375.3500000000005,7959
2026-06-05T16:00:00+00:00,375.3500000000005,375.61000000000047,374.12000000000046,374.65000000000043,7380
2026-06-05T16:30:00+00:00,374.65000000000043,375.36000000000047,372.84000000000043,374.65000000000043,8504
2026-06-05T17:00:00+00:00,374.65000000000043,375.2300000000005,373.25000000000045,374.59000000000043,8951
2026-06-05T17:30:00+00:00,374.59000000000043,374.6600000000005,373.2800000000005,374.08000000000044,9577
2026-06-05T18:00:00+00:00,374.08000000000044,374.6000000000005,371.08000000000044,372.2200000000005,7629
2026-06-05T18:30:00+00:00,372.2200000000005,373.26000000000045,371.70000000000044,371.7200000000005,9585
2026-06-05T19:00:00+00:00,371.7200000000005,371.94000000000045,369.09000000000043,370.21000000000043,6530
2026-06-05T19:30:00+00:00,370.21000000000043,373.83000000000044,368.9800000000005,373.24000000000046,9898
2026-06-08T13:30:00+00:00,373.24000000000046,373.24000000000046,367.25000000000045,367.5400000000005,7577
2026-06-08T14:00:00+00:00,367.5400000000005,367.69000000000045,365.25000000000045,366.56000000000046,7198
2026-06-08T14:30:00+00:00,366.56000000000046,369.15000000000043,365.64000000000044,369.01000000000045,6515
2026-06-08T15:00:00+00:00,369.01000000000045,369.30000000000047,367.76000000000045,367.82000000000045,5021
2026-06-08T15:30:00+00:00,367.82000000000045,368.08000000000044,366.07000000000045,366.55000000000047,5555
2026-06-08T16:00:00+00:00,366.55000000000047,367.45000000000044,366.37000000000046,366.58000000000044,5089
2026-06-08T16:30:00+00:00,366.58000000000044,367.68000000000046,366.45000000000044,366.7900000000005,4413
2026-06-08T17:00:00+00:00,366.7900000000005,369.11000000000047,365.68000000000046,368.82000000000045,6331
2026-06-08T17:30:00+00:00,368.82000000000045,369.77000000000044,368.24000000000046,368.95000000000044,6271
2026-06-08T18:00:00+00:00,368.95000000000044,369.44000000000045,368.15000000000043,369.25000000000045,4602
2026-06-08T18:30:00+00:00,369.25000000000045,369.80000000000047,368.17000000000047,368.42000000000047,4350
2026-06-08T19:00:00+00:00,368.42000000000047,368.51000000000045,367.05000000000047,367.84000000000043,4600
2026-06-08T19:30:00+00:00,367.84000000000043,369.00000000000045,367.21000000000043,368.6600000000005,5847
2026-06-09T13:30:00+00:00,368.6600000000005,377.05000000000047,368.6600000000005,374.3500000000005,8222
2026-06-09T14:00:00+00:00,374.3500000000005,375.68000000000046,371.00000000000045,372.9100000000005,10322
2026-06-09T14:30:00+00:00,372.9100000000005,374.0300000000005,368.37000000000046,369.8500000000005,12802
2026-06-09T15:00:00+00:00,369.8500000000005,370.12000000000046,365.57000000000045,365.93000000000046,10911
2026-06-09T15:30:00+00:00,365.93000000000046,366.61000000000047,364.6000000000005,365.1600000000005,11904
2026-06-09T16:00:00+00:00,365.1600000000005,366.4100000000005,363.24000000000046,365.69000000000045,10460
2026-06-09T16:30:00+00:00,365.69000000000045,366.49000000000046,362.14000000000044,364.96000000000043,14244
2026-06-09T17:00:00+00:00,364.96000000000043,368.05000000000047,364.75000000000045,367.87000000000046,11658
2026-06-09T17:30:00+00:00,367.87000000000046,370.06000000000046,367.44000000000045,368.8500000000005,11850
2026-06-09T18:00:00+00:00,368.8500000000005,370.57000000000045,368.69000000000045,370.52000000000044,9686
2026-06-09T18:30:00+00:00,370.52000000000044,371.6000000000005,370.01000000000045,371.11000000000047,9677
2026-06-09T19:00:00+00:00,371.11000000000047,372.0300000000005,368.95000000000044,369.38000000000045,13634
2026-06-09T19:30:00+00:00,369.38000000000045,370.6000000000005,367.96000000000043,369.2900000000005,11861
2026-06-10T13:30:00+00:00,369.2900000000005,371.9100000000005,366.44000000000045,371.30000000000047,11119
2026-06-10T14:00:00+00:00,371.30000000000047,373.7300000000005,370.44000000000045,372.51000000000045,11435
2026-06-10T14:30:00+00:00,372.51000000000045,372.74000000000046,367.95000000000044,368.5800000000004,8875.225170383113
2026-06-10T15:00:00+00:00,368.5800000000004,369.5200000000004,365.93000000000035,367.55000000000035,9933
2026-06-10T15:30:00+00:00,367.55000000000035,367.7700000000004,364.53000000000037,365.9400000000004,8513
2026-06-10T16:00:00+00:00,365.9400000000004,366.3400000000004,363.6500000000004,363.8400000000004,8362
2026-06-10T16:30:00+00:00,363.8400000000004,364.5000000000004,362.60000000000036,363.43000000000035,5644
2026-06-10T17:00:00+00:00,363.43000000000035,363.92000000000036,361.8400000000004,362.1400000000004,5453
2026-06-10T17:30:00+00:00,362.1400000000004,362.7000000000004,361.24000000000035,362.3900000000004,8221
2026-06-10T18:00:00+00:00,362.3900000000004,362.8800000000004,361.61000000000035,361.9000000000004,8069
2026-06-10T18:30:00+00:00,361.9000000000004,362.22000000000037,361.23000000000036,361.80000000000035,6482
2026-06-10T19:00:00+00:00,361.80000000000035,362.7600000000004,361.2000000000004,361.9500000000004,7572
2026-06-10T19:30:00+00:00,361.9500000000004,362.3800000000004,360.3100000000004,361.0000000000004,9899
2026-06-11T13:30:00+00:00,361.0000000000004,361.9400000000004,352.23000000000036,353.1300000000004,12271
2026-06-11T14:00:00+00:00,353.1300000000004,356.03000000000037,351.61000000000035,353.0600000000004,12391
2026-06-11T14:30:00+00:00,353.0600000000004,354.35000000000036,351.55000000000035,351.91000000000037,11166
2026-06-11T15:00:00+00:00,351.91000000000037,353.3400000000004,351.36000000000035,352.17000000000036,10480
2026-06-11T15:30:00+00:00,352.17000000000036,353.3900000000004,351.55000000000035,352.68000000000035,8958
2026-06-11T16:00:00+00:00,352.68000000000035,354.9000000000004,352.53000000000037,353.03000000000037,9073
2026-06-11T16:30:00+00:00,353.03000000000037,354.5000000000004,352.3300000000004,352.3400000000004,8193
2026-06-11T17:00:00+00:00,352.3400000000004,355.86000000000035,351.1400000000004,355.5700000000004,8107
2026-06-11T17:30:00+00:00,355.5700000000004,358.5100000000004,355.5600000000004,356.97000000000037,5811
2026-06-11T18:00:00+00:00,356.97000000000037,358.7000000000004,355.8300000000004,357.7600000000004,5021
2026-06-11T18:30:00+00:00,357.7600000000004,359.6900000000004,357.4500000000004,359.35000000000036,4700
2026-06-11T19:00:00+00:00,359.35000000000036,362.16000000000037,359.3300000000004,362.0600000000004,4599
2026-06-11T19:30:00+00:00,362.0600000000004,365.48000000000036,361.0800000000004,364.1200000000004,11208
2026-06-12T13:30:00+00:00,364.1200000000004,370.1300000000004,360.78000000000037,364.10000000000036,12909
2026-06-12T14:00:00+00:00,364.10000000000036,368.24000000000035,363.93000000000035,367.54000000000036,5543
2026-06-12T14:30:00+00:00,367.54000000000036,368.8100000000004,365.05000000000035,368.7500000000004,4965.206556221361
2026-06-12T15:00:00+00:00,368.7500000000004,372.18000000000035,367.93000000000035,371.0800000000004,4640
2026-06-12T15:30:00+00:00,371.0800000000004,371.1500000000004,366.1500000000004,366.60000000000036,7592
2026-06-12T16:00:00+00:00,366.60000000000036,368.48000000000036,365.80000000000035,367.0200000000004,7203
2026-06-12T16:30:00+00:00,367.0200000000004,367.5900000000004,366.5700000000004,367.4000000000004,5369
2026-06-12T17:00:00+00:00,367.4000000000004,369.0600000000004,367.22000000000037,368.3300000000004,4389
2026-06-12T17:30:00+00:00,368.3300000000004,368.41000000000037,366.48000000000036,366.98000000000036,4165
2026-06-12T18:00:00+00:00,366.98000000000036,367.48000000000036,366.28000000000037,366.67000000000036,5279
2026-06-12T18:30:00+00:00,366.67000000000036,367.48000000000036,366.2100000000004,366.2700000000004,4369
2026-06-12T19:00:00+00:00,366.2700000000004,366.8100000000004,365.35000000000036,366.1900000000004,4644
2026-06-12T19:30:00+00:00,366.1900000000004,366.24000000000035,364.28000000000037,365.55000000000035,5973
2026-06-15T13:30:00+00:00,365.55000000000035,377.60000000000036,365.55000000000035,374.5000000000004,13448
2026-06-15T14:00:00+00:00,374.5000000000004,376.91000000000037,372.7500000000004,374.36000000000035,10926
2026-06-15T14:30:00+00:00,374.36000000000035,375.8900000000004,374.0000000000004,375.86000000000035,6563
2026-06-15T15:00:00+00:00,375.86000000000035,377.74000000000035,375.2100000000004,377.5200000000004,5568
2026-06-15T15:30:00+00:00,377.5200000000004,377.78000000000037,376.30000000000035,377.53000000000037,5408
2026-06-15T16:00:00+00:00,377.53000000000037,378.10000000000036,376.37000000000035,376.49000000000035,4988
2026-06-15T16:30:00+00:00,376.49000000000035,376.86000000000035,376.1900000000004,376.78000000000037,3923
2026-06-15T17:00:00+00:00,376.78000000000037,377.5100000000004,376.35000000000036,377.12000000000035,3893
2026-06-15T17:30:00+00:00,377.12000000000035,377.5700000000004,376.49000000000035,376.9000000000004,3848
2026-06-15T18:00:00+00:00,376.9000000000004,377.28000000000037,376.2000000000004,376.86000000000035,3913
2026-06-15T18:30:00+00:00,376.86000000000035,377.18000000000035,376.4400000000004,376.78000000000037,4281
2026-06-15T19:00:00+00:00,376.78000000000037,376.97000000000037,374.79000000000036,375.11000000000035,4789
2026-06-15T19:30:00+00:00,375.11000000000035,375.18000000000035,373.03000000000037,374.74000000000035,6396
2026-06-16T13:30:00+00:00,374.74000000000035,376.61000000000035,372.7700000000004,373.7000000000004,13808
2026-06-16T14:00:00+00:00,373.7000000000004,377.48000000000036,373.6500000000004,375.79000000000036,12260
2026-06-16T14:30:00+00:00,375.79000000000036,379.6300000000004,375.6400000000004,379.5600000000004,8200
2026-06-16T15:00:00+00:00,379.5600000000004,380.99000000000035,379.0800000000004,380.49000000000035,7856
2026-06-16T15:30:00+00:00,380.49000000000035,380.7700000000004,378.41000000000037,378.42000000000036,6962
2026-06-16T16:00:00+00:00,378.42000000000036,378.55000000000035,377.03000000000037,377.6500000000004,7583
2026-06-16T16:30:00+00:00,377.6500000000004,377.7500000000004,375.0700000000004,375.53000000000037,5952
2026-06-16T17:00:00+00:00,375.53000000000037,376.36000000000035,375.1300000000004,375.8300000000004,4964
2026-06-16T17:30:00+00:00,375.8300000000004,377.0600000000004,375.73000000000036,376.3300000000004,5915
2026-06-16T18:00:00+00:00,376.3300000000004,377.9600000000004,376.0000000000004,377.62000000000035,4934
2026-06-16T18:30:00+00:00,377.62000000000035,379.24000000000035,377.49000000000035,379.0000000000004,4400
2026-06-16T19:00:00+00:00,379.0000000000004,379.0600000000004,377.6500000000004,377.74000000000035,5351
2026-06-16T19:30:00+00:00,377.74000000000035,379.2500000000004,377.11000000000035,378.7500000000004,9220
2026-06-17T13:30:00+00:00,378.7500000000004,378.7500000000004,371.2700000000004,371.6900000000004,11388
2026-06-17T14:00:00+00:00,371.6900000000004,373.5100000000004,370.47000000000037,372.41000000000037,11206
2026-06-17T14:30:00+00:00,372.41000000000037,372.5700000000004,368.48000000000036,369.58000000000044,10697.062530453142
2026-06-17T15:00:00+00:00,369.58000000000044,370.33000000000044,368.26000000000045,369.67000000000047,7186
2026-06-17T15:30:00+00:00,369.67000000000047,370.65000000000043,369.38000000000045,370.36000000000047,5239
2026-06-17T16:00:00+00:00,370.36000000000047,371.4800000000005,369.6000000000005,371.11000000000047,4496
2026-06-17T16:30:00+00:00,371.11000000000047,371.26000000000045,370.00000000000045,370.80000000000047,4802
2026-06-17T17:00:00+00:00,370.80000000000047,370.8500000000005,369.30000000000047,370.58000000000044,4445
2026-06-17T17:30:00+00:00,370.58000000000044,372.08000000000044,370.07000000000045,371.86000000000047,4147
2026-06-17T18:00:00+00:00,371.86000000000047,372.21000000000043,369.7200000000005,371.14000000000044,9583
2026-06-17T18:30:00+00:00,371.14000000000044,372.2800000000005,369.7200000000005,370.02000000000044,9112
2026-06-17T19:00:00+00:00,370.02000000000044,370.64000000000044,367.93000000000046,368.0400000000005,7823
2026-06-17T19:30:00+00:00,368.0400000000005,370.4700000000005,367.70000000000044,369.86000000000047,10262
2026-06-18T13:30:00+00:00,369.86000000000047,373.40000000000043,364.1000000000005,365.8500000000005,12724
2026-06-18T14:00:00+00:00,365.8500000000005,369.42000000000047,365.77000000000044,367.27000000000044,11114
2026-06-18T14:30:00+00:00,367.27000000000044,369.65000000000043,367.1000000000005,368.92000000000047,8022.360302351624
2026-06-18T15:00:00+00:00,368.92000000000047,370.18000000000046,368.59000000000043,369.80000000000047,7236
2026-06-18T15:30:00+00:00,369.80000000000047,373.14000000000044,369.51000000000045,371.7900000000005,10609
2026-06-18T16:00:00+00:00,371.7900000000005,372.74000000000046,370.67000000000047,372.2300000000005,9710
2026-06-18T16:30:00+00:00,372.2300000000005,373.15000000000043,371.6000000000005,372.39000000000044,7600
2026-06-18T17:00:00+00:00,372.39000000000044,373.8500000000005,372.18000000000046,373.8500000000005,7177
2026-06-18T17:30:00+00:00,373.8500000000005,374.4800000000005,373.40000000000043,373.96000000000043,5943
2026-06-18T18:00:00+00:00,373.96000000000043,374.39000000000044,373.38000000000045,373.68000000000046,7120
2026-06-18T18:30:00+00:00,373.68000000000046,374.59000000000043,373.15000000000043,374.25000000000045,5046
2026-06-18T19:00:00+00:00,374.25000000000045,374.32000000000045,372.2200000000004,373.49000000000046,5401
2026-06-18T19:30:00+00:00,373.49000000000046,375.9100000000005,373.20000000000044,374.61000000000047,10010
2026-06-22T13:30:00+00:00,374.61000000000047,374.61000000000047,360.15000000000043,361.1600000000005,8543
2026-06-22T14:00:00+00:00,361.1600000000005,361.25000000000045,355.43000000000046,355.7800000000004,7840
2026-06-22T14:30:00+00:00,355.7800000000004,356.01000000000045,351.67000000000047,352.21000000000043,7842
2026-06-22T15:00:00+00:00,352.21000000000043,352.2200000000004,348.4800000000005,350.25000000000045,7891
2026-06-22T15:30:00+00:00,350.25000000000045,354.07000000000045,350.17000000000047,352.8500000000005,6721
2026-06-22T16:00:00+00:00,352.8500000000005,353.75000000000045,351.67000000000047,353.69000000000045,5061
2026-06-22T16:30:00+00:00,353.69000000000045,353.81000000000046,352.40000000000043,353.2300000000005,4056
2026-06-22T17:00:00+00:00,353.2300000000005,354.32000000000045,352.49000000000046,353.88000000000045,5165
2026-06-22T17:30:00+00:00,353.88000000000045,354.5400000000005,353.2300000000005,353.92000000000047,3646
2026-06-22T18:00:00+00:00,353.92000000000047,355.19000000000045,353.8500000000005,354.84000000000043,4749
2026-06-22T18:30:00+00:00,354.84000000000043,355.4100000000005,354.07000000000045,354.2200000000004,3895
2026-06-22T19:00:00+00:00,354.2200000000004,356.52000000000044,354.20000000000044,356.17000000000047,4563
2026-06-22T19:30:00+00:00,356.17000000000047,356.88000000000045,355.2200000000004,356.19000000000045,8374
2026-06-23T13:30:00+00:00,356.19000000000045,356.19000000000045,346.75000000000045,355.2900000000005,7472
2026-06-23T14:00:00+00:00,355.2900000000005,356.2200000000004,353.9800000000005,355.11000000000047,5365
2026-06-23T14:30:00+00:00,355.11000000000047,355.56000000000046,353.14000000000044,353.52000000000044,5228
2026-06-23T15:00:00+00:00,353.52000000000044,354.05000000000047,352.2300000000005,352.50000000000045,5057
2026-06-23T15:30:00+00:00,352.50000000000045,353.89000000000044,352.15000000000043,353.20000000000044,4749
2026-06-23T16:00:00+00:00,353.20000000000044,354.70000000000044,352.30000000000047,354.3500000000005,4538
2026-06-23T16:30:00+00:00,354.3500000000005,355.20000000000044,354.08000000000044,354.8500000000005,4468
2026-06-23T17:00:00+00:00,354.8500000000005,355.09000000000043,353.83000000000044,354.80000000000047,4335
2026-06-23T17:30:00+00:00,354.80000000000047,354.87000000000046,353.57000000000045,353.69000000000045,4793
2026-06-23T18:00:00+00:00,353.69000000000045,354.19000000000045,352.92000000000047,352.95000000000044,4063
2026-06-23T18:30:00+00:00,352.95000000000044,353.89000000000044,352.88000000000045,353.58000000000044,4422
2026-06-23T19:00:00+00:00,353.58000000000044,354.4100000000005,353.34000000000043,353.88000000000045,4948
2026-06-23T19:30:00+00:00,353.88000000000045,355.26000000000045,353.32000000000045,353.70000000000044,6815
2026-06-24T13:30:00+00:00,353.70000000000044,359.34000000000043,353.70000000000044,357.33000000000044,8029
2026-06-24T14:00:00+00:00,357.33000000000044,358.2900000000005,356.18000000000046,357.4100000000005,6186
2026-06-24T14:30:00+00:00,357.4100000000005,360.32000000000045,356.74000000000046,360.0700000000004,6738.157780806542
2026-06-24T15:00:00+00:00,360.0700000000004,360.22000000000037,357.2000000000004,357.67000000000036,6894
2026-06-24T15:30:00+00:00,357.67000000000036,358.00000000000034,356.3900000000004,356.8200000000004,5000
2026-06-24T16:00:00+00:00,356.8200000000004,357.73000000000036,356.30000000000035,356.54000000000036,5927
2026-06-24T16:30:00+00:00,356.54000000000036,356.66000000000037,355.04000000000036,356.12000000000035,5196
2026-06-24T17:00:00+00:00,356.12000000000035,356.5900000000004,355.3200000000004,355.66000000000037,5166
2026-06-24T17:30:00+00:00,355.66000000000037,356.36000000000035,355.1500000000004,356.10000000000036,5347
2026-06-24T18:00:00+00:00,356.10000000000036,356.5700000000004,351.25000000000034,352.0100000000004,6254
2026-06-24T18:30:00+00:00,352.0100000000004,352.75000000000034,349.4000000000004,350.11000000000035,5937
2026-06-24T19:00:00+00:00,350.11000000000035,352.0800000000004,349.11000000000035,351.4500000000004,4643
2026-06-24T19:30:00+00:00,351.4500000000004,352.75000000000034,350.7000000000004,352.62000000000035,6788
2026-06-25T13:30:00+00:00,352.62000000000035,352.62000000000035,343.49000000000035,346.56000000000034,11068
2026-06-25T14:00:00+00:00,346.56000000000034,349.0800000000004,346.10000000000036,347.72000000000037,8035
2026-06-25T14:30:00+00:00,347.72000000000037,350.29000000000036,347.29000000000036,348.78000000000037,6993
2026-06-25T15:00:00+00:00,348.78000000000037,349.2100000000004,346.53000000000037,348.0900000000004,6602
2026-06-25T15:30:00+00:00,348.0900000000004,349.0800000000004,348.03000000000037,348.4500000000004,6207
2026-06-25T16:00:00+00:00,348.4500000000004,349.49000000000035,347.9600000000004,348.0100000000004,5359
2026-06-25T16:30:00+00:00,348.0100000000004,348.6500000000004,347.48000000000036,348.30000000000035,6311
2026-06-25T17:00:00+00:00,348.30000000000035,348.8900000000004,346.61000000000035,347.24000000000035,6634
2026-06-25T17:30:00+00:00,347.24000000000035,347.7000000000004,345.62000000000035,347.55000000000035,4800
2026-06-25T18:00:00+00:00,347.55000000000035,348.7000000000004,346.10000000000036,348.41000000000037,4546
2026-06-25T18:30:00+00:00,348.41000000000037,348.85000000000036,347.43000000000035,348.1300000000004,4379
2026-06-25T19:00:00+00:00,348.1300000000004,349.31000000000034,347.30000000000035,349.2100000000004,4156
2026-06-25T19:30:00+00:00,349.2100000000004,350.7700000000004,347.11000000000035,349.31000000000034,7195
2026-06-26T13:30:00+00:00,349.31000000000034,349.31000000000034,341.7000000000004,343.5800000000004,8286
2026-06-26T14:00:00+00:00,343.5800000000004,345.36000000000035,342.9000000000004,344.10000000000036,6035
2026-06-26T14:30:00+00:00,344.10000000000036,346.31000000000034,343.91000000000037,346.1100000000003,4869.761132953543
2026-06-26T15:00:00+00:00,346.1100000000003,348.8000000000003,345.8100000000003,348.57000000000033,4392
2026-06-26T15:30:00+00:00,348.57000000000033,351.0300000000003,347.5600000000003,350.3500000000003,4904
2026-06-26T16:00:00+00:00,350.3500000000003,351.5800000000003,348.5400000000003,348.63000000000034,4368
2026-06-26T16:30:00+00:00,348.63000000000034,349.3000000000003,346.5400000000003,348.0500000000003,4435
2026-06-26T17:00:00+00:00,348.0500000000003,348.7400000000003,347.3600000000003,348.2900000000003,4595
2026-06-26T17:30:00+00:00,348.2900000000003,348.6000000000003,346.8400000000003,347.88000000000034,3970
2026-06-26T18:00:00+00:00,347.88000000000034,348.4100000000003,347.07000000000033,347.3900000000003,3983
2026-06-26T18:30:00+00:00,347.3900000000003,349.1600000000003,346.95000000000033,348.70000000000033,4745
2026-06-26T19:00:00+00:00,348.70000000000033,349.70000000000033,348.5200000000003,348.57000000000033,4318
2026-06-26T19:30:00+00:00,348.57000000000033,349.6700000000003,341.2200000000003,342.2100000000003,8208
2026-06-29T13:30:00+00:00,342.2100000000003,353.9400000000003,342.2100000000003,353.26000000000033,7891
2026-06-29T14:00:00+00:00,353.26000000000033,355.51000000000033,351.8900000000003,354.4800000000003,7331
2026-06-29T14:30:00+00:00,354.4800000000003,357.2200000000003,353.5500000000003,355.8400000000003,6267
2026-06-29T15:00:00+00:00,355.8400000000003,357.2800000000003,355.5400000000003,356.8700000000003,5021
2026-06-29T15:30:00+00:00,356.8700000000003,358.4400000000003,356.0400000000003,358.2500000000003,5480
2026-06-29T16:00:00+00:00,358.2500000000003,358.5800000000003,357.4100000000003,357.51000000000033,4016
2026-06-29T16:30:00+00:00,357.51000000000033,357.9700000000003,356.1900000000003,357.1100000000003,3591
2026-06-29T17:00:00+00:00,357.1100000000003,358.4300000000003,357.0400000000003,358.0200000000003,2667
2026-06-29T17:30:00+00:00,358.0200000000003,359.2200000000003,358.0200000000003,358.9200000000003,2796
2026-06-29T18:00:00+00:00,358.9200000000003,359.1800000000003,357.6600000000003,358.3100000000003,2584
2026-06-29T18:30:00+00:00,358.3100000000003,358.9600000000003,357.7200000000003,357.8000000000003,3102
2026-06-29T19:00:00+00:00,357.8000000000003,358.4800000000003,357.1600000000003,357.2800000000003,2797
2026-06-29T19:30:00+00:00,357.2800000000003,359.5000000000003,357.2700000000003,358.5500000000003,5204
2026-06-30T13:30:00+00:00,358.5500000000003,359.70000000000033,355.7400000000003,356.9400000000003,5782
2026-06-30T14:00:00+00:00,356.9400000000003,358.9900000000003,355.63000000000034,358.2800000000003,4008
2026-06-30T14:30:00+00:00,358.2800000000003,360.3700000000003,358.1900000000003,359.5500000000003,3728
2026-06-30T15:00:00+00:00,359.5500000000003,361.57000000000033,358.82000000000033,361.3500000000003,3543
2026-06-30T15:30:00+00:00,361.3500000000003,361.8300000000003,360.3900000000003,361.6900000000003,3173
2026-06-30T16:00:00+00:00,361.6900000000003,362.6600000000003,361.2100000000003,361.9000000000003,2288
2026-06-30T16:30:00+00:00,361.9000000000003,362.8900000000003,361.7100000000003,362.0600000000003,2603
2026-06-30T17:00:00+00:00,362.0600000000003,362.2700000000003,360.2400000000003,360.2500000000003,2793
2026-06-30T17:30:00+00:00,360.2500000000003,360.8700000000003,359.88000000000034,360.6200000000003,2931
2026-06-30T18:00:00+00:00,360.6200000000003,361.38000000000034,360.0500000000003,361.2500000000003,3044
2026-06-30T18:30:00+00:00,361.2500000000003,361.5000000000003,360.0600000000003,360.9200000000003,2637
2026-06-30T19:00:00+00:00,360.9200000000003,361.6100000000003,360.7500000000003,361.4600000000003,2107
2026-06-30T19:30:00+00:00,361.4600000000003,362.26000000000033,360.26000000000033,360.6200000000003,5388
2026-07-01T13:30:00+00:00,360.6200000000003,366.3000000000003,360.5800000000003,362.4000000000003,12847
2026-07-01T14:00:00+00:00,362.4000000000003,364.3600000000003,361.7400000000003,364.2100000000003,8569
2026-07-01T14:30:00+00:00,364.2100000000003,366.9700000000003,364.1800000000003,365.11000000000024,9013.825419493038
2026-07-01T15:00:00+00:00,365.11000000000024,366.8400000000002,364.6400000000002,366.12000000000023,8829
2026-07-01T15:30:00+00:00,366.12000000000023,366.4700000000002,363.4700000000002,363.74000000000024,6573
2026-07-01T16:00:00+00:00,363.74000000000024,364.0000000000002,362.67000000000024,362.92000000000024,5285
2026-07-01T16:30:00+00:00,362.92000000000024,363.5100000000002,361.7700000000002,362.6500000000002,3905
2026-07-01T17:00:00+00:00,362.6500000000002,363.7200000000002,362.6400000000002,363.1500000000002,4574
2026-07-01T17:30:00+00:00,363.1500000000002,364.4500000000002,362.7700000000002,364.12000000000023,5129
2026-07-01T18:00:00+00:00,364.12000000000023,365.1300000000002,363.6300000000002,363.8400000000002,5092
2026-07-01T18:30:00+00:00,363.8400000000002,365.48000000000025,363.8400000000002,364.6500000000002,4134
2026-07-01T19:00:00+00:00,364.6500000000002,365.2200000000002,363.8400000000002,364.4500000000002,5180
2026-07-01T19:30:00+00:00,364.4500000000002,365.8300000000002,364.4000000000002,365.37000000000023,6045
2026-07-02T13:30:00+00:00,365.37000000000023,368.3200000000002,362.0700000000002,366.8300000000002,5829
2026-07-02T14:00:00+00:00,366.8300000000002,367.99000000000024,365.4400000000002,366.4100000000002,4017
2026-07-02T14:30:00+00:00,366.4100000000002,368.5700000000002,364.3500000000002,365.0200000000002,4745.569366689993
2026-07-02T15:00:00+00:00,365.0200000000002,365.1000000000002,361.1800000000002,361.44000000000017,5329
2026-07-02T15:30:00+00:00,361.44000000000017,362.4200000000002,359.70000000000016,360.3400000000002,4463
2026-07-02T16:00:00+00:00,360.3400000000002,360.6700000000002,358.6100000000002,359.6700000000002,4010
2026-07-02T16:30:00+00:00,359.6700000000002,360.1200000000002,358.0500000000002,358.08000000000015,3999
2026-07-02T17:00:00+00:00,358.08000000000015,359.7100000000002,357.9600000000002,359.5300000000002,3457
2026-07-02T17:30:00+00:00,359.5300000000002,361.6100000000002,359.2900000000002,360.9300000000002,3019
2026-07-02T18:00:00+00:00,360.9300000000002,362.9000000000002,360.8100000000002,362.6200000000002,3076
2026-07-02T18:30:00+00:00,362.6200000000002,363.3500000000002,361.9100000000002,362.4100000000002,2751
2026-07-02T19:00:00+00:00,362.4100000000002,363.9300000000002,362.2800000000002,363.13000000000017,3489
2026-07-02T19:30:00+00:00,363.13000000000017,364.4800000000002,362.7200000000002,363.4900000000002,5554
2026-07-06T13:30:00+00:00,363.4900000000002,368.0300000000002,361.8700000000002,361.9100000000002,6312
2026-07-06T14:00:00+00:00,361.9100000000002,365.6600000000002,361.8000000000002,365.4600000000002,4776
2026-07-06T14:30:00+00:00,365.4600000000002,366.7900000000002,365.2200000000002,366.2300000000002,4059
2026-07-06T15:00:00+00:00,366.2300000000002,367.75000000000017,365.51000000000016,367.3100000000002,3720
2026-07-06T15:30:00+00:00,367.3100000000002,368.6800000000002,367.2100000000002,368.4600000000002,3521
2026-07-06T16:00:00+00:00,368.4600000000002,370.1700000000002,368.26000000000016,368.64000000000016,4019
2026-07-06T16:30:00+00:00,368.64000000000016,369.4300000000002,368.5600000000002,368.69000000000017,2789
2026-07-06T17:00:00+00:00,368.69000000000017,369.9100000000002,368.6100000000002,369.75000000000017,2336
2026-07-06T17:30:00+00:00,369.75000000000017,370.3000000000002,368.6800000000002,369.33000000000015,2977
2026-07-06T18:00:00+00:00,369.33000000000015,369.89000000000016,368.9900000000002,369.6100000000002,2991
2026-07-06T18:30:00+00:00,369.6100000000002,371.83000000000015,369.57000000000016,371.7900000000002,3642
2026-07-06T19:00:00+00:00,371.7900000000002,372.88000000000017,371.6800000000002,372.8100000000002,3122
2026-07-06T19:30:00+00:00,372.8100000000002,373.33000000000015,371.5500000000002,372.6000000000002,6529
2026-07-07T13:30:00+00:00,372.6000000000002,378.5200000000002,371.9600000000002,376.5600000000002,8570
2026-07-07T14:00:00+00:00,376.5600000000002,377.4600000000002,375.3100000000002,375.9800000000002,6379
2026-07-07T14:30:00+00:00,375.9800000000002,376.13000000000017,372.1500000000002,372.4800000000002,5594
2026-07-07T15:00:00+00:00,372.4800000000002,374.07000000000016,372.0400000000002,374.0200000000002,3943
2026-07-07T15:30:00+00:00,374.0200000000002,374.4000000000002,372.94000000000017,373.7200000000002,2930
2026-07-07T16:00:00+00:00,373.7200000000002,373.9300000000002,372.6800000000002,372.9700000000002,2855
2026-07-07T16:30:00+00:00,372.9700000000002,374.63000000000017,372.9200000000002,373.9700000000002,2496
2026-07-07T17:00:00+00:00,373.9700000000002,374.7900000000002,373.6800000000002,374.3100000000002,2737
2026-07-07T17:30:00+00:00,374.3100000000002,374.5200000000002,373.7100000000002,374.5200000000002,2079
2026-07-07T18:00:00+00:00,374.5200000000002,374.94000000000017,373.4700000000002,373.7400000000002,3440
2026-07-07T18:30:00+00:00,373.7400000000002,374.0900000000002,372.88000000000017,373.0500000000002,4030
2026-07-07T19:00:00+00:00,373.0500000000002,373.39000000000016,372.4900000000002,372.57000000000016,3549
2026-07-07T19:30:00+00:00,372.57000000000016,372.7200000000002,370.0500000000002,371.1500000000002,4643
2026-07-08T13:30:00+00:00,371.1500000000002,372.38000000000017,367.2800000000002,367.3700000000002,8776
2026-07-08T14:00:00+00:00,367.3700000000002,368.0600000000002,366.5300000000002,366.69000000000017,8790
2026-07-08T14:30:00+00:00,366.69000000000017,367.1000000000002,365.6700000000002,366.33000000000015,9147.202445414847
2026-07-08T15:00:00+00:00,366.33000000000015,367.0500000000002,365.45000000000016,365.95000000000016,7520
2026-07-08T15:30:00+00:00,365.95000000000016,366.2200000000002,364.69000000000017,365.1100000000002,6711
2026-07-08T16:00:00+00:00,365.1100000000002,366.3100000000002,365.02000000000015,365.8000000000002,4957
2026-07-08T16:30:00+00:00,365.8000000000002,366.4200000000002,365.5500000000002,365.7300000000002,6438
2026-07-08T17:00:00+00:00,365.7300000000002,365.8700000000002,365.1800000000002,365.8100000000002,3799
2026-07-08T17:30:00+00:00,365.8100000000002,365.8400000000002,363.2800000000002,363.32000000000016,3855
2026-07-08T18:00:00+00:00,363.32000000000016,364.1700000000002,362.8500000000002,362.95000000000016,3961
2026-07-08T18:30:00+00:00,362.95000000000016,363.6100000000002,362.38000000000017,363.39000000000016,3565
2026-07-08T19:00:00+00:00,363.39000000000016,363.8000000000002,362.57000000000016,363.44000000000017,3629
2026-07-08T19:30:00+00:00,363.44000000000017,367.52000000000015,363.3500000000002,366.1800000000002,6193
2026-07-09T13:30:00+00:00,366.1800000000002,366.1800000000002,357.94000000000017,361.4300000000002,7719
2026-07-09T14:00:00+00:00,361.4300000000002,362.1100000000002,356.3500000000002,358.6600000000002,6503
2026-07-09T14:30:00+00:00,358.6600000000002,359.88000000000017,357.50000000000017,358.3600000000002,5841
2026-07-09T15:00:00+00:00,358.3600000000002,359.1600000000002,357.7200000000002,358.9300000000002,5166
2026-07-09T15:30:00+00:00,358.9300000000002,359.1700000000002,357.50000000000017,358.0400000000002,3551
2026-07-09T16:00:00+00:00,358.0400000000002,359.77000000000015,357.8100000000002,359.4700000000002,4061
2026-07-09T16:30:00+00:00,359.4700000000002,360.3500000000002,359.27000000000015,360.1100000000002,3177
2026-07-09T17:00:00+00:00,360.1100000000002,360.4800000000002,359.65000000000015,360.3000000000002,3392
2026-07-09T17:30:00+00:00,360.3000000000002,360.8000000000002,359.9900000000002,360.6000000000002,3230
2026-07-09T18:00:00+00:00,360.6000000000002,361.9700000000002,360.58000000000015,361.4200000000002,3666
2026-07-09T18:30:00+00:00,361.4200000000002,361.88000000000017,360.95000000000016,361.6800000000002,3343
2026-07-09T19:00:00+00:00,361.6800000000002,362.9900000000002,361.46000000000015,362.7200000000002,2719
2026-07-09T19:30:00+00:00,362.7200000000002,364.39000000000016,362.7200000000002,364.13000000000017,4867
2026-07-10T13:30:00+00:00,364.13000000000017,364.13000000000017,359.71000000000015,361.9700000000002,6378
2026-07-10T14:00:00+00:00,361.9700000000002,362.76000000000016,360.0300000000002,361.01000000000016,5496
2026-07-10T14:30:00+00:00,361.01000000000016,361.2400000000002,358.65000000000015,358.79000000000013,4865.004379264691
2026-07-10T15:00:00+00:00,358.79000000000013,359.91000000000014,358.4500000000001,359.78000000000014,3338
2026-07-10T15:30:00+00:00,359.78000000000014,360.91000000000014,359.2600000000001,360.3200000000001,3523
2026-07-10T16:00:00+00:00,360.3200000000001,360.91000000000014,360.0000000000001,360.72000000000014,2427
2026-07-10T16:30:00+00:00,360.72000000000014,361.59000000000015,360.60000000000014,360.8600000000001,3074
2026-07-10T17:00:00+00:00,360.8600000000001,360.8800000000001,359.85000000000014,359.91000000000014,2178
2026-07-10T17:30:00+00:00,359.91000000000014,360.53000000000014,359.3000000000001,360.3700000000001,2347
2026-07-10T18:00:00+00:00,360.3700000000001,361.2500000000001,360.16000000000014,361.2000000000001,2374
2026-07-10T18:30:00+00:00,361.2000000000001,361.5100000000001,360.85000000000014,361.09000000000015,2184
2026-07-10T19:00:00+00:00,361.09000000000015,362.1500000000001,361.0800000000001,361.9500000000001,2167
2026-07-10T19:30:00+00:00,361.9500000000001,363.1900000000001,361.7500000000001,362.7500000000001,3973
2026-07-13T13:30:00+00:00,362.7500000000001,363.3700000000001,359.7500000000001,362.17000000000013,7222
2026-07-13T14:00:00+00:00,362.17000000000013,362.29000000000013,359.3800000000001,360.8000000000001,4012
2026-07-13T14:30:00+00:00,360.8000000000001,360.8800000000001,359.54000000000013,360.54000000000013,4475
2026-07-13T15:00:00+00:00,360.54000000000013,361.47000000000014,359.9000000000001,360.3100000000001,3286
2026-07-13T15:30:00+00:00,360.3100000000001,360.59000000000015,359.7700000000001,360.5500000000001,3164
2026-07-13T16:00:00+00:00,360.5500000000001,361.2000000000001,360.35000000000014,361.1800000000001,3339
2026-07-13T16:30:00+00:00,361.1800000000001,361.91000000000014,360.10000000000014,360.6100000000001,4603
2026-07-13T17:00:00+00:00,360.6100000000001,361.7500000000001,360.47000000000014,361.0600000000001,3330
2026-07-13T17:30:00+00:00,361.0600000000001,361.1800000000001,360.2500000000001,360.5000000000001,3586
2026-07-13T18:00:00+00:00,360.5000000000001,361.3300000000001,360.2500000000001,360.85000000000014,3104
2026-07-13T18:30:00+00:00,360.85000000000014,360.8600000000001,359.97000000000014,360.0000000000001,3357
2026-07-13T19:00:00+00:00,360.0000000000001,360.5800000000001,359.0800000000001,359.3300000000001,3075
2026-07-13T19:30:00+00:00,359.3300000000001,359.3300000000001,357.53000000000014,358.66000000000014,5473
2026-07-14T13:30:00+00:00,358.66000000000014,360.35000000000014,354.9600000000001,359.3100000000001,8127
2026-07-14T14:00:00+00:00,359.3100000000001,361.8100000000001,358.53000000000014,361.47000000000014,7880
2026-07-14T14:30:00+00:00,361.47000000000014,362.97000000000014,361.2600000000001,362.41000000000014,5370
2026-07-14T15:00:00+00:00,362.41000000000014,363.6900000000001,362.41000000000014,363.3900000000001,4876
2026-07-14T15:30:00+00:00,363.3900000000001,363.8200000000001,361.0500000000001,361.4300000000001,4752
2026-07-14T16:00:00+00:00,361.4300000000001,361.5700000000001,360.6200000000001,361.0100000000001,3957
2026-07-14T16:30:00+00:00,361.0100000000001,361.8100000000001,360.0100000000001,361.6200000000001,3295
2026-07-14T17:00:00+00:00,361.6200000000001,363.8700000000001,361.5200000000001,363.78000000000014,3181
2026-07-14T17:30:00+00:00,363.78000000000014,364.42000000000013,363.0000000000001,363.0800000000001,3224
2026-07-14T18:00:00+00:00,363.0800000000001,363.48000000000013,362.3700000000001,362.8200000000001,2843
2026-07-14T18:30:00+00:00,362.8200000000001,363.7400000000001,362.2500000000001,363.7000000000001,3244
2026-07-14T19:00:00+00:00,363.7000000000001,365.0500000000001,363.6800000000001,364.9600000000001,3048
2026-07-14T19:30:00+00:00,364.9600000000001,365.53000000000014,364.3300000000001,365.2100000000001,5667
2026-07-15T13:30:00+00:00,365.2100000000001,370.0800000000001,362.7500000000001,369.5000000000001,7373
2026-07-15T14:00:00+00:00,369.5000000000001,372.6400000000001,369.41000000000014,371.98000000000013,7471
2026-07-15T14:30:00+00:00,371.98000000000013,374.9300000000001,371.8000000000001,373.0000000000001,7291.287632641563
2026-07-15T15:00:00+00:00,373.0000000000001,377.2400000000001,372.8500000000001,377.0100000000001,6267
2026-07-15T15:30:00+00:00,377.0100000000001,378.5300000000001,376.4100000000001,377.7200000000001,5718
2026-07-15T16:00:00+00:00,377.7200000000001,379.7700000000001,377.1800000000001,378.9000000000001,6337
2026-07-15T16:30:00+00:00,378.9000000000001,379.2700000000001,377.3400000000001,378.5200000000001,5636
2026-07-15T17:00:00+00:00,378.5200000000001,378.92000000000013,376.5100000000001,377.2200000000001,4068
2026-07-15T17:30:00+00:00,377.2200000000001,378.6600000000001,376.1300000000001,378.5600000000001,4483
2026-07-15T18:00:00+00:00,378.5600000000001,379.79000000000013,378.0000000000001,378.67000000000013,3277
2026-07-15T18:30:00+00:00,378.67000000000013,379.0800000000001,376.8000000000001,376.92000000000013,3788
2026-07-15T19:00:00+00:00,376.92000000000013,377.5100000000001,376.5300000000001,376.8700000000001,4328
2026-07-15T19:30:00+00:00,376.8700000000001,378.2500000000001,375.79000000000013,377.9700000000001,6097
2026-07-16T13:30:00+00:00,377.9700000000001,381.9500000000001,375.98000000000013,377.5300000000001,8190
2026-07-16T14:00:00+00:00,377.5300000000001,380.04000000000013,376.3900000000001,379.9000000000001,6541
2026-07-16T14:30:00+00:00,379.9000000000001,381.7600000000001,378.4100000000001,379.8900000000001,7251
2026-07-16T15:00:00+00:00,379.8900000000001,380.2600000000001,378.5100000000001,378.67000000000013,5341
2026-07-16T15:30:00+00:00,378.67000000000013,380.0700000000001,378.2000000000001,378.42000000000013,5310
2026-07-16T16:00:00+00:00,378.42000000000013,378.7500000000001,376.9900000000001,378.4600000000001,6710
2026-07-16T16:30:00+00:00,378.4600000000001,379.3500000000001,378.0800000000001,378.8300000000001,5110
2026-07-16T17:00:00+00:00,378.8300000000001,378.9000000000001,377.8900000000001,378.8100000000001,4040
2026-07-16T17:30:00+00:00,378.8100000000001,379.2200000000001,378.1200000000001,378.5500000000001,4162
2026-07-16T18:00:00+00:00,378.5500000000001,378.6300000000001,366.3600000000001,368.42000000000013,12188
2026-07-16T18:30:00+00:00,368.42000000000013,369.1000000000001,363.6000000000001,363.6300000000001,8460
2026-07-16T19:00:00+00:00,363.6300000000001,364.1800000000001,359.3100000000001,361.2500000000001,9928
2026-07-16T19:30:00+00:00,361.2500000000001,362.2800000000001,360.3000000000001,361.5800000000001,10436
2026-07-17T13:30:00+00:00,361.5800000000001,361.5800000000001,348.8300000000001,353.73000000000013,13698
2026-07-17T14:00:00+00:00,353.73000000000013,354.7100000000001,351.73000000000013,352.4700000000001,9463
2026-07-17T14:30:00+00:00,352.4700000000001,355.3000000000001,352.0300000000001,352.9600000000001,6679.387495021903
2026-07-17T15:00:00+00:00,352.9600000000001,354.4800000000001,352.2100000000001,354.2400000000001,5208
2026-07-17T15:30:00+00:00,354.2400000000001,355.4600000000001,353.8800000000001,354.5700000000001,6187
2026-07-17T16:00:00+00:00,354.5700000000001,354.7100000000001,352.9600000000001,353.8300000000001,6937
2026-07-17T16:30:00+00:00,353.8300000000001,354.6300000000001,352.9600000000001,354.3700000000001,5169
2026-07-17T17:00:00+00:00,354.3700000000001,354.9000000000001,352.5100000000001,352.5700000000001,5040
2026-07-17T17:30:00+00:00,352.5700000000001,352.7400000000001,350.4700000000001,351.0300000000001,5523
2026-07-17T18:00:00+00:00,351.0300000000001,351.86000000000007,350.0300000000001,351.3800000000001,4977
2026-07-17T18:30:00+00:00,351.3800000000001,352.6400000000001,351.3500000000001,352.3900000000001,4227
2026-07-17T19:00:00+00:00,352.3900000000001,352.8000000000001,351.8100000000001,352.6600000000001,4802
2026-07-17T19:30:00+00:00,352.6600000000001,354.6000000000001,351.3400000000001,353.7300000000001,7066
2026-07-20T13:30:00+00:00,353.7300000000001,362.4000000000001,352.0200000000001,361.56000000000006,8281
2026-07-20T14:00:00+00:00,361.56000000000006,362.9100000000001,361.2900000000001,361.80000000000007,6028
2026-07-20T14:30:00+00:00,361.80000000000007,362.4100000000001,359.2300000000001,359.55000000000007,3646
2026-07-20T15:00:00+00:00,359.55000000000007,360.43000000000006,359.1700000000001,360.1700000000001,4565
2026-07-20T15:30:00+00:00,360.1700000000001,361.00000000000006,359.74000000000007,359.75000000000006,3347
2026-07-20T16:00:00+00:00,359.75000000000006,359.8900000000001,358.2300000000001,358.4200000000001,2884
2026-07-20T16:30:00+00:00,358.4200000000001,359.11000000000007,357.62000000000006,357.7900000000001,3295
2026-07-20T17:00:00+00:00,357.7900000000001,357.8400000000001,355.30000000000007,356.0100000000001,4838
2026-07-20T17:30:00+00:00,356.0100000000001,356.9800000000001,355.61000000000007,356.3500000000001,3354
2026-07-20T18:00:00+00:00,356.3500000000001,356.7700000000001,355.0900000000001,355.2300000000001,3811
2026-07-20T18:30:00+00:00,355.2300000000001,355.25000000000006,354.0200000000001,354.80000000000007,3684
2026-07-20T19:00:00+00:00,354.80000000000007,355.7800000000001,354.75000000000006,355.36000000000007,2932
2026-07-20T19:30:00+00:00,355.36000000000007,356.37000000000006,354.44000000000005,355.05000000000007,5091
2026-07-21T13:30:00+00:00,355.05000000000007,355.05000000000007,350.4500000000001,352.7200000000001,9570
2026-07-21T14:00:00+00:00,352.7200000000001,352.94000000000005,351.5900000000001,352.2900000000001,6975
2026-07-21T14:30:00+00:00,352.2900000000001,352.6400000000001,350.8300000000001,351.74000000000007,5295
2026-07-21T15:00:00+00:00,351.74000000000007,352.9600000000001,350.7200000000001,350.9100000000001,6756
2026-07-21T15:30:00+00:00,350.9100000000001,352.8300000000001,350.8400000000001,352.0700000000001,4118
2026-07-21T16:00:00+00:00,352.0700000000001,352.5100000000001,351.7100000000001,352.4200000000001,3601
2026-07-21T16:30:00+00:00,352.4200000000001,352.8200000000001,351.6500000000001,352.1300000000001,4120
2026-07-21T17:00:00+00:00,352.1300000000001,352.4200000000001,351.56000000000006,351.8500000000001,2905
2026-07-21T17:30:00+00:00,351.8500000000001,352.1700000000001,351.7100000000001,351.99000000000007,2236
2026-07-21T18:00:00+00:00,351.99000000000007,352.0200000000001,351.56000000000006,351.6700000000001,2096
2026-07-21T18:30:00+00:00,351.6700000000001,351.80000000000007,351.24000000000007,351.44000000000005,2390
2026-07-21T19:00:00+00:00,351.44000000000005,352.4700000000001,351.30000000000007,352.2600000000001,3397
2026-07-21T19:30:00+00:00,352.2600000000001,352.49000000000007,349.5400000000001,349.8500000000001,5355
2026-07-22T13:30:00+00:00,349.8500000000001,351.5900000000001,349.05000000000007,351.2700000000001,9500
2026-07-22T14:00:00+00:00,351.2700000000001,352.8900000000001,350.2100000000001,350.8400000000001,9998
2026-07-22T14:30:00+00:00,350.8400000000001,351.7100000000001,350.19000000000005,350.9600000000001,6147
2026-07-22T15:00:00+00:00,350.9600000000001,351.50000000000006,349.81000000000006,350.1700000000001,6712
2026-07-22T15:30:00+00:00,350.1700000000001,350.6400000000001,349.74000000000007,350.6000000000001,4441
2026-07-22T16:00:00+00:00,350.6000000000001,351.1600000000001,350.0900000000001,350.8200000000001,3522
2026-07-22T16:30:00+00:00,350.8200000000001,350.9800000000001,350.2800000000001,350.5700000000001,2871
2026-07-22T17:00:00+00:00,350.5700000000001,351.0800000000001,350.1400000000001,350.5900000000001,2948
2026-07-22T17:30:00+00:00,350.5900000000001,351.05000000000007,349.74000000000007,349.75000000000006,3167
2026-07-22T18:00:00+00:00,349.75000000000006,350.0900000000001,349.1400000000001,349.43000000000006,2940
2026-07-22T18:30:00+00:00,349.43000000000006,350.0900000000001,349.06000000000006,349.1600000000001,2867
2026-07-22T19:00:00+00:00,349.1600000000001,349.2200000000001,348.24000000000007,348.37000000000006,4225
2026-07-22T19:30:00+00:00,348.37000000000006,348.7000000000001,345.11000000000007,345.81000000000006,9515
2026-07-23T13:30:00+00:00,345.81000000000006,345.81000000000006,321.43000000000006,323.6700000000001,13464
2026-07-23T14:00:00+00:00,323.6700000000001,324.49000000000007,320.13000000000005,321.7100000000001,8034
2026-07-23T14:30:00+00:00,321.7100000000001,323.1000000000001,320.3300000000001,320.6000000000001,7108
2026-07-23T15:00:00+00:00,320.6000000000001,320.7100000000001,318.45000000000005,320.05000000000007,7769
2026-07-23T15:30:00+00:00,320.05000000000007,323.2700000000001,320.05000000000007,322.80000000000007,5823
2026-07-23T16:00:00+00:00,322.80000000000007,325.0800000000001,321.93000000000006,324.4700000000001,6305
2026-07-23T16:30:00+00:00,324.4700000000001,324.94000000000005,322.38000000000005,323.5800000000001,6059
2026-07-23T17:00:00+00:00,323.5800000000001,324.51000000000005,322.87000000000006,324.0200000000001,4083
2026-07-23T17:30:00+00:00,324.0200000000001,324.0400000000001,322.88000000000005,323.24000000000007,4779
2026-07-23T18:00:00+00:00,323.24000000000007,324.0400000000001,323.2100000000001,323.4800000000001,4466
2026-07-23T18:30:00+00:00,323.4800000000001,323.4800000000001,321.9600000000001,322.2700000000001,4031
2026-07-23T19:00:00+00:00,322.2700000000001,322.70000000000005,321.76000000000005,322.11000000000007,4835
2026-07-23T19:30:00+00:00,322.11000000000007,322.86000000000007,321.32000000000005,321.7900000000001,7895
2026-07-24T13:30:00+00:00,321.7900000000001,327.4700000000001,321.05000000000007,325.86000000000007,8498
2026-07-24T14:00:00+00:00,325.86000000000007,326.50000000000006,323.11000000000007,323.3300000000001,6832
2026-07-24T14:30:00+00:00,323.3300000000001,323.44000000000005,321.05000000000007,323.44000000000005,5246
2026-07-24T15:00:00+00:00,323.44000000000005,325.0400000000001,322.80000000000007,324.8900000000001,5381
2026-07-24T15:30:00+00:00,324.8900000000001,325.2900000000001,323.1500000000001,323.4000000000001,3860
2026-07-24T16:00:00+00:00,323.4000000000001,323.4200000000001,322.56000000000006,322.6400000000001,3103
2026-07-24T16:30:00+00:00,322.6400000000001,322.8500000000001,321.70000000000005,322.43000000000006,4336
2026-07-24T17:00:00+00:00,322.43000000000006,323.8400000000001,321.9100000000001,323.49000000000007,4455
2026-07-24T17:30:00+00:00,323.49000000000007,323.8400000000001,322.4100000000001,323.0800000000001,3503
2026-07-24T18:00:00+00:00,323.0800000000001,324.19000000000005,322.9700000000001,323.18000000000006,3751
2026-07-24T18:30:00+00:00,323.18000000000006,323.3900000000001,322.11000000000007,322.4600000000001,3554
2026-07-24T19:00:00+00:00,322.4600000000001,323.32000000000005,322.45000000000005,322.55000000000007,4250
2026-07-24T19:30:00+00:00,322.55000000000007,323.55000000000007,322.2200000000001,322.6500000000001,6348
2026-07-27T13:30:00+00:00,322.6500000000001,332.36000000000007,322.6500000000001,330.75000000000006,9950
2026-07-27T14:00:00+00:00,330.75000000000006,333.57000000000005,329.81000000000006,329.8300000000001,12049
2026-07-27T14:30:00+00:00,329.8300000000001,331.80000000000007,328.06000000000006,331.12000000000006,11318
2026-07-27T15:00:00+00:00,331.12000000000006,333.25000000000006,330.9000000000001,331.7100000000001,7824
2026-07-27T15:30:00+00:00,331.7100000000001,332.4000000000001,330.62000000000006,331.9100000000001,7489
2026-07-27T16:00:00+00:00,331.9100000000001,332.56000000000006,330.9600000000001,331.30000000000007,6516
2026-07-27T16:30:00+00:00,331.30000000000007,331.74000000000007,329.86000000000007,330.07000000000005,4924
2026-07-27T17:00:00+00:00,330.07000000000005,330.7200000000001,329.3400000000001,330.20000000000005,4433
2026-07-27T17:30:00+00:00,330.20000000000005,330.3300000000001,329.6700000000001,329.76000000000005,3103.5634270533537
2026-07-27T18:00:00+00:00,329.76000000000005,329.76000000000005,328.9800000000001,329.36000000000007,2333.162058712665
2026-07-27T18:30:00+00:00,329.36000000000007,331.0800000000001,328.9000000000001,330.7300000000001,3794
2026-07-27T19:00:00+00:00,330.7300000000001,330.9200000000001,330.19000000000005,330.68000000000006,2857
2026-07-27T19:30:00+00:00,330.68000000000006,331.1700000000001,329.3400000000001,329.86000000000007,5064
2026-07-28T13:30:00+00:00,329.86000000000007,333.3900000000001,327.80000000000007,328.50000000000006,14596
2026-07-28T14:00:00+00:00,328.50000000000006,331.13000000000005,328.3400000000001,330.9000000000001,13639
2026-07-28T14:30:00+00:00,330.9000000000001,332.19000000000005,330.30000000000007,331.7700000000001,9212
2026-07-28T15:00:00+00:00,331.7700000000001,335.99000000000007,331.76000000000005,335.2300000000001,10878
2026-07-28T15:30:00+00:00,335.2300000000001,336.5200000000001,335.06000000000006,336.24000000000007,8043
2026-07-28T16:00:00+00:00,336.24000000000007,336.9100000000001,335.61000000000007,336.20000000000005,6379
2026-07-28T16:30:00+00:00,336.20000000000005,337.18000000000006,335.70000000000005,337.1600000000001,4000
2026-07-28T17:00:00+00:00,337.1600000000001,337.8500000000001,336.30000000000007,337.62000000000006,5671
2026-07-28T17:30:00+00:00,337.62000000000006,338.44000000000005,337.18000000000006,338.37000000000006,5093
2026-07-28T18:00:00+00:00,338.37000000000006,338.37000000000006,336.8900000000001,337.4800000000001,4683
2026-07-28T18:30:00+00:00,337.4800000000001,338.49000000000007,337.1600000000001,337.8400000000001,4316
2026-07-28T19:00:00+00:00,337.8400000000001,338.0200000000001,336.4100000000001,336.9000000000001,4419
2026-07-28T19:30:00+00:00,336.9000000000001,337.2200000000001,335.43000000000006,336.00000000000006,8235
2026-07-29T13:30:00+00:00,336.00000000000006,338.8400000000001,334.32000000000005,334.9800000000001,8986
2026-07-29T14:00:00+00:00,334.9800000000001,335.88000000000005,333.61000000000007,334.57000000000005,6705
2026-07-29T14:30:00+00:00,334.57000000000005,336.75000000000006,334.4000000000001,336.3200000000001,4242.32358038536
2026-07-29T15:00:00+00:00,336.3200000000001,337.7500000000001,335.86000000000007,336.0300000000001,7320
2026-07-29T15:30:00+00:00,336.0300000000001,336.8300000000001,334.6400000000001,335.1500000000001,7764
2026-07-29T16:00:00+00:00,335.1500000000001,338.1800000000001,335.1000000000001,337.9200000000001,7836
2026-07-29T16:30:00+00:00,337.9200000000001,339.0900000000001,337.0300000000001,338.9600000000001,5823
2026-07-29T17:00:00+00:00,338.9600000000001,340.6000000000001,338.3400000000001,339.5600000000001,8450
2026-07-29T17:30:00+00:00,339.5600000000001,340.4300000000001,338.3700000000001,340.3200000000001,6785
2026-07-29T18:00:00+00:00,340.3200000000001,342.7800000000001,340.30000000000007,342.5800000000001,10637
2026-07-29T18:30:00+00:00,342.5800000000001,345.2600000000001,341.8400000000001,344.5800000000001,10154
2026-07-29T19:00:00+00:00,344.5800000000001,345.0300000000001,339.4400000000001,340.0000000000001,12179
2026-07-29T19:30:00+00:00,340.0000000000001,340.2300000000001,337.7100000000001,339.1200000000001,15568
2026-07-30T13:30:00+00:00,339.1200000000001,339.1200000000001,333.0600000000001,335.0100000000001,13529
2026-07-30T14:00:00+00:00,335.0100000000001,338.0000000000001,334.3400000000001,334.36000000000007,14101
2026-07-30T14:30:00+00:00,334.36000000000007,336.36000000000007,334.2200000000001,335.5400000000001,10244
2026-07-30T15:00:00+00:00,335.5400000000001,335.6600000000001,333.99000000000007,334.2500000000001,10332
2026-07-30T15:30:00+00:00,334.2500000000001,336.9800000000001,334.1400000000001,335.61000000000007,7055
2026-07-30T16:00:00+00:00,335.61000000000007,337.9200000000001,335.55000000000007,337.6800000000001,5656
2026-07-30T16:30:00+00:00,337.6800000000001,338.2000000000001,336.4600000000001,337.5200000000001,7557
2026-07-30T17:00:00+00:00,337.5200000000001,338.1900000000001,335.8500000000001,335.9800000000001,6844
2026-07-30T17:30:00+00:00,335.9800000000001,337.8800000000001,335.5100000000001,336.3400000000001,6332
2026-07-30T18:00:00+00:00,336.3400000000001,336.5200000000001,335.3800000000001,335.4500000000001,3372
2026-07-30T18:30:00+00:00,335.4500000000001,338.11000000000007,335.36000000000007,337.9300000000001,2667
2026-07-30T19:00:00+00:00,337.9300000000001,338.11000000000007,337.3400000000001,337.4200000000001,3256
2026-07-30T19:30:00+00:00,337.4200000000001,337.6600000000001,336.4700000000001,337.1900000000001,7989
2026-07-31T13:30:00+00:00,337.1900000000001,348.8100000000001,337.1900000000001,346.4300000000001,14918
2026-07-31T14:00:00+00:00,346.4300000000001,350.9200000000001,346.3700000000001,350.3800000000001,16138
2026-07-31T14:30:00+00:00,350.3800000000001,356.1700000000001,349.6900000000001,355.0700000000001,13046
2026-07-31T15:00:00+00:00,355.0700000000001,356.4000000000001,351.4100000000001,351.7100000000001,13280
2026-07-31T15:30:00+00:00,351.7100000000001,355.7100000000001,351.2500000000001,354.7600000000001,9979
2026-07-31T16:00:00+00:00,354.7600000000001,357.5900000000001,354.6300000000001,357.3900000000001,6263
2026-07-31T16:30:00+00:00,357.3900000000001,357.7700000000001,356.0300000000001,356.3500000000001,8218
2026-07-31T17:00:00+00:00,356.3500000000001,357.9000000000001,355.9400000000001,357.6300000000001,7075
2026-07-31T17:30:00+00:00,357.6300000000001,358.2000000000001,356.61000000000007,357.30000000000007,7101
2026-07-31T18:00:00+00:00,357.30000000000007,359.5600000000001,357.2200000000001,359.3700000000001,6286
2026-07-31T18:30:00+00:00,359.3700000000001,359.5900000000001,358.36000000000007,358.6400000000001,5781
2026-07-31T19:00:00+00:00,358.6400000000001,359.4600000000001,358.0000000000001,359.1000000000001,6116
2026-07-31T19:30:00+00:00,359.1000000000001,362.1700000000001,358.6400000000001,360.05000000000007,8947
